time,speed,accel,event_type,event_id,seq,s_s_num,trip_event_id,driver_id,trip_id
1610,0.234375,0.029,start,1,1,1,1,2,1
1611,0.199653,0.0203,start,1,2,1,1,2,1
1612,0.269097,0.0348,start,1,3,1,1,2,1
1613,0.225694,0.0348,start,1,4,1,1,2,1
1614,0.638021,0.0348,start,1,5,1,1,2,1
1615,0.672743,0.0261,start,1,6,1,1,2,1
1616,0.746528,0.0174,start,1,7,1,1,2,1
1617,0.716146,0.0203,start,1,8,1,1,2,1
1618,0.742188,0.0319,start,1,9,1,1,2,1
1619,0.833333,0.0261,start,1,10,1,1,2,1
1620,0.863715,0.0116,start,1,11,1,1,2,1
1621,0.885417,0.0029,start,1,12,1,1,2,1
1622,0.915799,0.0029,start,1,13,1,1,2,1
1623,0.928819,0.0116,start,1,14,1,1,2,1
1624,0.9375,0.0058,start,1,15,1,1,2,1
1625,0.959201,0,start,1,16,1,1,2,1
1626,0.972222,0.0058,start,1,17,1,1,2,1
1627,0.985243,0.0145,start,1,18,1,1,2,1
1628,1.011285,0.0203,start,1,19,1,1,2,1
1629,0.946181,0.0116,start,1,20,1,1,2,1
1630,1.041667,0.0174,start,1,21,1,1,2,1
1631,1.072049,0.0203,start,1,22,1,1,2,1
1632,1.09375,0.0145,start,1,23,1,1,2,1
1633,1.119792,0.0087,start,1,24,1,1,2,1
1634,1.137153,0.0087,start,1,25,1,1,2,1
1635,1.158854,0.0145,start,1,26,1,1,2,1
1636,1.176215,0.0174,start,1,27,1,1,2,1
1637,1.202257,0.0232,start,1,28,1,1,2,1
1638,1.236979,0.0261,start,1,29,1,1,2,1
1639,1.271701,0.0348,start,1,30,1,1,2,1
1640,1.323785,0.0493,start,1,31,1,1,2,1
1641,1.384549,0.058,start,1,32,1,1,2,1
1642,1.453993,0.0522,start,1,33,1,1,2,1
1643,1.523438,0.0522,start,1,34,1,1,2,1
1644,1.597222,0.058,start,1,35,1,1,2,1
1645,1.640625,0.0377,start,1,36,1,1,2,1
1646,1.688368,0.0232,start,1,37,1,1,2,1
1647,1.740451,0.0145,start,1,38,1,1,2,1
1648,1.770833,0.0087,start,1,39,1,1,2,1
1649,1.801215,-0.0058,start,1,40,1,1,2,1
1650,1.809896,0.0029,start,1,41,1,1,2,1
1651,1.814236,0.0029,start,1,42,1,1,2,1
1652,1.805556,0,start,1,43,1,1,2,1
1653,1.792535,0,start,1,44,1,1,2,1
1654,1.792535,0.0058,start,1,45,1,1,2,1
1655,1.788195,0.0116,start,1,46,1,1,2,1
1656,1.783854,0.0203,start,1,47,1,1,2,1
1657,1.801215,0.0261,start,1,48,1,1,2,1
1658,1.827257,0.029,start,1,49,1,1,2,1
1659,1.844618,0.0261,start,1,50,1,1,2,1
2708,2.777778,-0.0812,stop,2,1,1,2,2,1
2709, ,-0.0783,stop,2,2,1,2,2,1
2710,2.617188,-0.0754,stop,2,3,1,2,2,1
2711,2.547743,-0.0638,stop,2,4,1,2,2,1
2712,2.469618,-0.0551,stop,2,5,1,2,2,1
2713, ,-0.0754,stop,2,6,1,2,2,1
2714,2.417535,-0.0638,stop,2,7,1,2,2,1
2715,2.287327,-0.0522,stop,2,8,1,2,2,1
2716,2.213542,-0.0638,stop,2,9,1,2,2,1
2717,2.157118,-0.0754,stop,2,10,1,2,2,1
2718,2.096354,-0.0667,stop,2,11,1,2,2,1
2719,2.009549,-0.0725,stop,2,12,1,2,2,1
2720,1.935764,-0.0754,stop,2,13,1,2,2,1
2721,1.87066,-0.0754,stop,2,14,1,2,2,1
2722,1.788195,-0.0667,stop,2,15,1,2,2,1
2723, ,-0.0725,stop,2,16,1,2,2,1
2724,1.649306,-0.0754,stop,2,17,1,2,2,1
2725,1.571181,-0.0667,stop,2,18,1,2,2,1
2726,1.501736,-0.0638,stop,2,19,1,2,2,1
2727, ,-0.0667,stop,2,20,1,2,2,1
2728,1.367188,-0.0551,stop,2,21,1,2,2,1
2729,1.323785,-0.0406,stop,2,22,1,2,2,1
2730,1.267361,-0.0377,stop,2,23,1,2,2,1
2731,1.228299,-0.0319,stop,2,24,1,2,2,1
2732,1.197917,-0.0261,stop,2,25,1,2,2,1
2733,1.163195,-0.0232,stop,2,26,1,2,2,1
2734,1.128472,-0.0232,stop,2,27,1,2,2,1
2735,1.106771,-0.0203,stop,2,28,1,2,2,1
2736,1.080729,-0.0174,stop,2,29,1,2,2,1
2737,1.059028,-0.0174,stop,2,30,1,2,2,1
2738,1.037326,-0.0203,stop,2,31,1,2,2,1
2739, ,-0.0203,stop,2,32,1,2,2,1
2740,0.993924,-0.0174,stop,2,33,1,2,2,1
2741,0.963542,-0.0203,stop,2,34,1,2,2,1
2742,0.9375,-0.0232,stop,2,35,1,2,2,1
2743,0.902778,-0.0319,stop,2,36,1,2,2,1
2744,0.876736,-0.0319,stop,2,37,1,2,2,1
2745,0.842014,-0.0377,stop,2,38,1,2,2,1
2746,0.802951,-0.0406,stop,2,39,1,2,2,1
2747,0.763889,-0.0377,stop,2,40,1,2,2,1
2748,0.672743,-0.0435,stop,2,41,1,2,2,1
2749,0.672743,-0.0464,stop,2,42,1,2,2,1
2750,0.564236,-0.0464,stop,2,43,1,2,2,1
2751,0.525174,-0.0464,stop,2,44,1,2,2,1
2752,0.377604,-0.0464,stop,2,45,1,2,2,1
2753,0.321181,-0.0464,stop,2,46,1,2,2,1
2754,0.230035,-0.0406,stop,2,47,1,2,2,1
2755,0.164931,-0.0435,stop,2,48,1,2,2,1
2756,0.065104,-0.0464,stop,2,49,1,2,2,1
2757,0,-0.0435,stop,2,50,1,2,2,1
2873,0.677083,0.0986,start,3,1,2,3,2,1
2874,0.789931,0.1102,start,3,2,2,3,2,1
2875,0.898438,0.1247,start,3,3,2,3,2,1
2876,1.037326,0.1421,start,3,4,2,3,2,1
2877,1.189236,0.1566,start,3,5,2,3,2,1
2878,1.349826,0.1798,start,3,6,2,3,2,1
2879,1.519097,0.1972,start,3,7,2,3,2,1
2880,1.71007,0.2059,start,3,8,2,3,2,1
2881,1.922743,0.2117,start,3,9,2,3,2,1
2882,2.131077,0.2059,start,3,10,2,3,2,1
2883,2.326389,0.2001,start,3,11,2,3,2,1
2884,2.5,0.1972,start,3,12,2,3,2,1
2885,2.65191,0.1595,start,3,13,2,3,2,1
2886,2.782118,0.1189,start,3,14,2,3,2,1
2887,2.890625,0.0986,start,3,15,2,3,2,1
2888,2.96441,0.087,start,3,16,2,3,2,1
2889,3.012153,0.0493,start,3,17,2,3,2,1
2890,3.033854,0.0232,start,3,18,2,3,2,1
2891,3.038195,0,start,3,19,2,3,2,1
2892,3.046875,0,start,3,20,2,3,2,1
2893,3.033854,-0.0116,start,3,21,2,3,2,1
2894,3.033854,-0.0116,start,3,22,2,3,2,1
2895,3.029514,-0.0029,start,3,23,2,3,2,1
2896,3.016493,0,start,3,24,2,3,2,1
2897,3.016493,0,start,3,25,2,3,2,1
2898,3.029514,0.0116,start,3,26,2,3,2,1
2899,3.038195,0.0174,start,3,27,2,3,2,1
2900,3.046875,0.0116,start,3,28,2,3,2,1
2901,3.051215,0.0145,start,3,29,2,3,2,1
2902,3.059896,0.0087,start,3,30,2,3,2,1
2903,3.072917,0.0087,start,3,31,2,3,2,1
2904,3.068577,0.0174,start,3,32,2,3,2,1
2905,3.094618,0.0203,start,3,33,2,3,2,1
2906,3.11632,0.0232,start,3,34,2,3,2,1
2907,3.133681,0.029,start,3,35,2,3,2,1
2908,3.172743,0.0435,start,3,36,2,3,2,1
2909,3.203125,0.0522,start,3,37,2,3,2,1
2910,3.263889,0.0638,start,3,38,2,3,2,1
2911,3.324653,0.0754,start,3,39,2,3,2,1
2912, ,0.0725,start,3,40,2,3,2,1
2913,3.450521,0.0783,start,3,41,2,3,2,1
2914,3.519965,0.0812,start,3,42,2,3,2,1
2915,3.58941,0.0783,start,3,43,2,3,2,1
2916,3.645833,0.0754,start,3,44,2,3,2,1
2917,3.719618,0.0609,start,3,45,2,3,2,1
2918,3.776042,0.0551,start,3,46,2,3,2,1
2919,3.828125,0.0551,start,3,47,2,3,2,1
2920,3.871528,0.0551,start,3,48,2,3,2,1
2921,3.919271,0.058,start,3,49,2,3,2,1
2922,3.980035,0.0609,start,3,50,2,3,2,1
3087,5.976563,-0.1711,stop,4,1,2,4,2,1
3088,5.785591,-0.1711,stop,4,2,2,4,2,1
3089,5.607639,-0.1711,stop,4,3,2,4,2,1
3090,5.425347,-0.1508,stop,4,4,2,4,2,1
3091, ,-0.1653,stop,4,5,2,4,2,1
3092,5.052083,-0.1827,stop,4,6,2,4,2,1
3093,4.874132,-0.1798,stop,4,7,2,4,2,1
3094,4.674479,-0.1682,stop,4,8,2,4,2,1
3095,4.513889,-0.1392,stop,4,9,2,4,2,1
3096,4.318577,-0.1247,stop,4,10,2,4,2,1
3097,4.179688,-0.1305,stop,4,11,2,4,2,1
3098,4.023438,-0.1218,stop,4,12,2,4,2,1
3099,3.880208,-0.1131,stop,4,13,2,4,2,1
3100,3.75434,-0.0638,stop,4,14,2,4,2,1
3101,3.676215,-0.058,stop,4,15,2,4,2,1
3102,3.58941,-0.058,stop,4,16,2,4,2,1
3103,3.528646,-0.0522,stop,4,17,2,4,2,1
3104,3.420139,-0.0464,stop,4,18,2,4,2,1
3105,3.342014,-0.0609,stop,4,19,2,4,2,1
3106,3.250868,-0.0812,stop,4,20,2,4,2,1
3107,3.138021,-0.0899,stop,4,21,2,4,2,1
3108, ,-0.0986,stop,4,22,2,4,2,1
3109,2.907986,-0.0986,stop,4,23,2,4,2,1
3110,2.764757,-0.1102,stop,4,24,2,4,2,1
3111,2.634549,-0.1247,stop,4,25,2,4,2,1
3112,2.49566,-0.1247,stop,4,26,2,4,2,1
3113,2.352431,-0.1363,stop,4,27,2,4,2,1
3114,2.17882,-0.1247,stop,4,28,2,4,2,1
3115,2.013889,-0.1276,stop,4,29,2,4,2,1
3116,1.875,-0.1247,stop,4,30,2,4,2,1
3117,1.744792,-0.1102,stop,4,31,2,4,2,1
3118,1.592882,-0.1102,stop,4,32,2,4,2,1
3119,1.484375,-0.0696,stop,4,33,2,4,2,1
3120,1.375868,-0.0319,stop,4,34,2,4,2,1
3121,1.297743,-0.0348,stop,4,35,2,4,2,1
3122,1.210938,-0.058,stop,4,36,2,4,2,1
3123,1.141493,-0.0609,stop,4,37,2,4,2,1
3124,1.067708,-0.0435,stop,4,38,2,4,2,1
3125,0.985243,-0.0319,stop,4,39,2,4,2,1
3126,0.902778,-0.029,stop,4,40,2,4,2,1
3127,0.842014,-0.029,stop,4,41,2,4,2,1
3128,0.77691,-0.0319,stop,4,42,2,4,2,1
3129, ,-0.0377,stop,4,43,2,4,2,1
3130,0.564236,-0.0406,stop,4,44,2,4,2,1
3131,0.520833,-0.0406,stop,4,45,2,4,2,1
3132,0.442708,-0.0435,stop,4,46,2,4,2,1
3133,0.31684,-0.0406,stop,4,47,2,4,2,1
3134,0.212674,-0.0406,stop,4,48,2,4,2,1
3135,0.130208,-0.0435,stop,4,49,2,4,2,1
3136,0,-0.0406,stop,4,50,2,4,2,1
3550,0.703125,0.2291,start,5,1,3,5,2,1
3551,0.907118,0.2813,start,5,2,3,5,2,1
3552,1.141493,0.3161,start,5,3,3,5,2,1
3553,1.440972,0.3393,start,5,4,3,5,2,1
3554,1.72309,0.3277,start,5,5,3,5,2,1
3555,1.966146,0.2755,start,5,6,3,5,2,1
3556,2.157118,0.2088,start,5,7,3,5,2,1
3557,2.313368,0.1595,start,5,8,3,5,2,1
3558,2.443577,0.1102,start,5,9,3,5,2,1
3559,2.526042,0.0957,start,5,10,3,5,2,1
3560,2.604167,0.1044,start,5,11,3,5,2,1
3561,2.669271,0.1218,start,5,12,3,5,2,1
3562,2.773438,0.1566,start,5,13,3,5,2,1
3563,2.886285,0.1769,start,5,14,3,5,2,1
3564,3.007813,0.1624,start,5,15,3,5,2,1
3565,3.125,0.1566,start,5,16,3,5,2,1
3566,3.211806,0.1218,start,5,17,3,5,2,1
3567,3.27257,0.0986,start,5,18,3,5,2,1
3568,3.324653,0.0812,start,5,19,3,5,2,1
3569,3.368056,0.0696,start,5,20,3,5,2,1
3570,3.398438,0.0638,start,5,21,3,5,2,1
3571,3.44184,0.0551,start,5,22,3,5,2,1
3572,3.511285,0.0725,start,5,23,3,5,2,1
3573,3.532986,0.0812,start,5,24,3,5,2,1
3574,3.58941,0.0812,start,5,25,3,5,2,1
3575,3.645833,0.0957,start,5,26,3,5,2,1
3576,3.680556,0.087,start,5,27,3,5,2,1
3577,3.728299,0.0725,start,5,28,3,5,2,1
3578,3.75,0.0609,start,5,29,3,5,2,1
3579,3.75,0.058,start,5,30,3,5,2,1
3580,3.75434,0.0464,start,5,31,3,5,2,1
3581,3.771702,0.0464,start,5,32,3,5,2,1
3582,3.771702,0.029,start,5,33,3,5,2,1
3583,3.810764,0.0667,start,5,34,3,5,2,1
3584,3.797743,0.0435,start,5,35,3,5,2,1
3585,3.823785,0.0435,start,5,36,3,5,2,1
3586,3.819445,0.0522,start,5,37,3,5,2,1
3587,3.815104,0.0435,start,5,38,3,5,2,1
3588,3.832465,0.0377,start,5,39,3,5,2,1
3589,3.815104,0.0464,start,5,40,3,5,2,1
3590,3.802083,0.0174,start,5,41,3,5,2,1
3591,3.806424,0.0464,start,5,42,3,5,2,1
3592,3.806424,0.0435,start,5,43,3,5,2,1
3593,3.810764,0.0319,start,5,44,3,5,2,1
3594,3.819445,0.0406,start,5,45,3,5,2,1
3595,3.849827,0.058,start,5,46,3,5,2,1
3596,3.862847,0.0609,start,5,47,3,5,2,1
3597,3.880208,0.058,start,5,48,3,5,2,1
3598,3.888889,0.058,start,5,49,3,5,2,1
3599,3.888889,0.0406,start,5,50,3,5,2,1
4217,4.188368,-0.116,stop,6,1,3,6,2,1
4218,4.075521,-0.1189,stop,6,2,3,6,2,1
4219,3.958333,-0.116,stop,6,3,3,6,2,1
4220,3.832465,-0.116,stop,6,4,3,6,2,1
4221,3.706597,-0.1247,stop,6,5,3,6,2,1
4222,3.58941,-0.1131,stop,6,6,3,6,2,1
4223,3.459202,-0.1189,stop,6,7,3,6,2,1
4224,3.333333,-0.1189,stop,6,8,3,6,2,1
4225,3.194445,-0.1189,stop,6,9,3,6,2,1
4226,3.094618,-0.1073,stop,6,10,3,6,2,1
4227,2.981771,-0.1015,stop,6,11,3,6,2,1
4228,2.864583,-0.0899,stop,6,12,3,6,2,1
4229,2.769097,-0.0812,stop,6,13,3,6,2,1
4230,2.677952,-0.0841,stop,6,14,3,6,2,1
4231,2.569445,-0.087,stop,6,15,3,6,2,1
4232,2.469618,-0.087,stop,6,16,3,6,2,1
4233,2.387153,-0.0841,stop,6,17,3,6,2,1
4234,2.287327,-0.087,stop,6,18,3,6,2,1
4235,2.200521,-0.0754,stop,6,19,3,6,2,1
4236,2.131077,-0.0522,stop,6,20,3,6,2,1
4237,2.052952,-0.0551,stop,6,21,3,6,2,1
4238,1.992188,-0.0551,stop,6,22,3,6,2,1
4239,1.935764,-0.0551,stop,6,23,3,6,2,1
4240,1.87066,-0.0551,stop,6,24,3,6,2,1
4241,1.801215,-0.0638,stop,6,25,3,6,2,1
4242,1.740451,-0.0638,stop,6,26,3,6,2,1
4243,1.666667,-0.0609,stop,6,27,3,6,2,1
4244,1.601563,-0.0638,stop,6,28,3,6,2,1
4245,1.536458,-0.0638,stop,6,29,3,6,2,1
4246,1.462674,-0.058,stop,6,30,3,6,2,1
4247,1.39757,-0.058,stop,6,31,3,6,2,1
4248,1.345486,-0.0551,stop,6,32,3,6,2,1
4249,1.280382,-0.0464,stop,6,33,3,6,2,1
4250,1.215278,-0.0464,stop,6,34,3,6,2,1
4251,1.167535,-0.0464,stop,6,35,3,6,2,1
4252,1.124132,-0.0464,stop,6,36,3,6,2,1
4253,1.054688,-0.0522,stop,6,37,3,6,2,1
4254,1.011285,-0.0522,stop,6,38,3,6,2,1
4255,0.950521,-0.0493,stop,6,39,3,6,2,1
4256,0.885417,-0.0493,stop,6,40,3,6,2,1
4257,0.833333,-0.0493,stop,6,41,3,6,2,1
4258,0.729167,-0.0493,stop,6,42,3,6,2,1
4259,0.729167,-0.0464,stop,6,43,3,6,2,1
4260,0.642361,-0.0493,stop,6,44,3,6,2,1
4261,0.572917,-0.0638,stop,6,45,3,6,2,1
4262,0.451389,-0.0696,stop,6,46,3,6,2,1
4263,0.351563,-0.0696,stop,6,47,3,6,2,1
4264,0.251736,-0.0754,stop,6,48,3,6,2,1
4265,0.169271,-0.0812,stop,6,49,3,6,2,1
4266,0,-0.0812,stop,6,50,3,6,2,1
4464,0.664063,0.1769,start,7,1,4,7,2,1
4465,0.833333,0.1972,start,7,2,4,7,2,1
4466,1.024306,0.2146,start,7,3,4,7,2,1
4467,1.232639,0.2262,start,7,4,4,7,2,1
4468,1.462674,0.2349,start,7,5,4,7,2,1
4469,1.688368,0.2378,start,7,6,4,7,2,1
4470,1.883681,0.232,start,7,7,4,7,2,1
4471,2.100695,0.2204,start,7,8,4,7,2,1
4472,2.300347,0.2001,start,7,9,4,7,2,1
4473,2.49566,0.1856,start,7,10,4,7,2,1
4474,2.677952,0.1798,start,7,11,4,7,2,1
4475,2.829861,0.1827,start,7,12,4,7,2,1
4476,2.999132,0.1798,start,7,13,4,7,2,1
4477,3.159722,0.1653,start,7,14,4,7,2,1
4478,3.294271,0.1624,start,7,15,4,7,2,1
4479,3.450521,0.1508,start,7,16,4,7,2,1
4480,3.59375,0.1363,start,7,17,4,7,2,1
4481,3.710938,0.1363,start,7,18,4,7,2,1
4482,3.858507,0.1334,start,7,19,4,7,2,1
4483,3.980035,0.1653,start,7,20,4,7,2,1
4484,4.149306,0.1856,start,7,21,4,7,2,1
4485,4.301216,0.1624,start,7,22,4,7,2,1
4486,4.461806,0.1711,start,7,23,4,7,2,1
4487,4.618056,0.1595,start,7,24,4,7,2,1
4488,4.765625,0.1624,start,7,25,4,7,2,1
4489,4.917535,0.1711,start,7,26,4,7,2,1
4490,5.047743,0.1595,start,7,27,4,7,2,1
4491,5.217014,0.1653,start,7,28,4,7,2,1
4492,5.355903,0.1595,start,7,29,4,7,2,1
4493,5.507813,0.1508,start,7,30,4,7,2,1
4494,5.629341,0.145,start,7,31,4,7,2,1
4495,5.763889,0.1682,start,7,32,4,7,2,1
4496,5.915799,0.145,start,7,33,4,7,2,1
4497,6.046007,0.1392,start,7,34,4,7,2,1
4498,6.154514,0.1392,start,7,35,4,7,2,1
4499,6.228299,0.1189,start,7,36,4,7,2,1
4500,6.345487,0.116,start,7,37,4,7,2,1
4501,6.445313,0.116,start,7,38,4,7,2,1
4502,6.532118,0.1044,start,7,39,4,7,2,1
4503,6.640625,0.0841,start,7,40,4,7,2,1
4504,6.723091,0.0609,start,7,41,4,7,2,1
4505,6.779514,0.058,start,7,42,4,7,2,1
4506,6.853299,0.0667,start,7,43,4,7,2,1
4507,6.883681,0.0783,start,7,44,4,7,2,1
4508,6.901042,0.0783,start,7,45,4,7,2,1
4509,6.935764,0.0522,start,7,46,4,7,2,1
4510,6.983507,0.0464,start,7,47,4,7,2,1
4511,7.018229,0.0609,start,7,48,4,7,2,1
4512,7.070313,0.0667,start,7,49,4,7,2,1
4513,7.105035,0.0464,start,7,50,4,7,2,1
5066,5.733507,-0.1479,stop,8,1,4,8,2,1
5067,5.568577,-0.1421,stop,8,2,4,8,2,1
5068,5.390625,-0.1566,stop,8,3,4,8,2,1
5069,5.243056,-0.1624,stop,8,4,4,8,2,1
5070,5.086806,-0.1508,stop,8,5,4,8,2,1
5071,4.926216,-0.1711,stop,8,6,4,8,2,1
5072,4.774306,-0.174,stop,8,7,4,8,2,1
5073,4.605035,-0.1537,stop,8,8,4,8,2,1
5074,4.453125,-0.1392,stop,8,9,4,8,2,1
5075,4.288195,-0.1392,stop,8,10,4,8,2,1
5076,4.162327,-0.1363,stop,8,11,4,8,2,1
5077,4.05382,-0.1044,stop,8,12,4,8,2,1
5078,3.949653,-0.0754,stop,8,13,4,8,2,1
5079,3.854167,-0.0812,stop,8,14,4,8,2,1
5080,3.776042,-0.0783,stop,8,15,4,8,2,1
5081,3.689236,-0.087,stop,8,16,4,8,2,1
5082,3.59809,-0.087,stop,8,17,4,8,2,1
5083,3.498264,-0.0986,stop,8,18,4,8,2,1
5084,3.398438,-0.0986,stop,8,19,4,8,2,1
5085,3.294271,-0.0899,stop,8,20,4,8,2,1
5086,3.198785,-0.1102,stop,8,21,4,8,2,1
5087,3.068577,-0.1218,stop,8,22,4,8,2,1
5088,2.955729,-0.1218,stop,8,23,4,8,2,1
5089,2.842882,-0.1102,stop,8,24,4,8,2,1
5090,2.730035,-0.1102,stop,8,25,4,8,2,1
5091,2.634549,-0.1073,stop,8,26,4,8,2,1
5092,2.530382,-0.0986,stop,8,27,4,8,2,1
5093,2.430556,-0.087,stop,8,28,4,8,2,1
5094,2.330729,-0.0841,stop,8,29,4,8,2,1
5095,2.248264,-0.0696,stop,8,30,4,8,2,1
5096,2.200521,-0.0493,stop,8,31,4,8,2,1
5097,2.126736,-0.058,stop,8,32,4,8,2,1
5098,2.039931,-0.0899,stop,8,33,4,8,2,1
5099,1.957465,-0.1073,stop,8,34,4,8,2,1
5100,1.857639,-0.1131,stop,8,35,4,8,2,1
5101,1.740451,-0.1218,stop,8,36,4,8,2,1
5102,1.649306,-0.1305,stop,8,37,4,8,2,1
5103,1.506076,-0.1392,stop,8,38,4,8,2,1
5104,1.371528,-0.1334,stop,8,39,4,8,2,1
5105,1.236979,-0.1363,stop,8,40,4,8,2,1
5106,1.124132,-0.1363,stop,8,41,4,8,2,1
5107,0.993924,-0.1276,stop,8,42,4,8,2,1
5108,0.846354,-0.1247,stop,8,43,4,8,2,1
5109,0.690104,-0.1218,stop,8,44,4,8,2,1
5110,0.555556,-0.1189,stop,8,45,4,8,2,1
5111,0.438368,-0.116,stop,8,46,4,8,2,1
5112,0.3125,-0.1131,stop,8,47,4,8,2,1
5113,0.208333,-0.1131,stop,8,48,4,8,2,1
5114,0.060764,-0.116,stop,8,49,4,8,2,1
5115,0,-0.0232,stop,8,50,4,8,2,1
5295,0.646701,0.0754,start,9,1,5,9,2,1
5296,0.564236,0.0725,start,9,2,5,9,2,1
5297,0.77691,0.0841,start,9,3,5,9,2,1
5298,0.859375,0.0928,start,9,4,5,9,2,1
5299,0.954861,0.1073,start,9,5,5,9,2,1
5300,1.063368,0.1247,start,9,6,5,9,2,1
5301,1.158854,0.1421,start,9,7,5,9,2,1
5302,1.293403,0.1566,start,9,8,5,9,2,1
5303,1.440972,0.1595,start,9,9,5,9,2,1
5304,1.601563,0.1711,start,9,10,5,9,2,1
5305,1.757813,0.174,start,9,11,5,9,2,1
5306,1.901042,0.1711,start,9,12,5,9,2,1
5307,2.078993,0.1711,start,9,13,5,9,2,1
5308,2.243924,0.1682,start,9,14,5,9,2,1
5309,2.374132,0.1595,start,9,15,5,9,2,1
5310,2.526042,0.1508,start,9,16,5,9,2,1
5311,2.703993,0.1827,start,9,17,5,9,2,1
5312,2.868924,0.203,start,9,18,5,9,2,1
5313,3.042535,0.1972,start,9,19,5,9,2,1
5314,3.224827,0.203,start,9,20,5,9,2,1
5315,3.411458,0.1943,start,9,21,5,9,2,1
5316,3.58941,0.1798,start,9,22,5,9,2,1
5317,3.74566,0.1624,start,9,23,5,9,2,1
5318,3.90191,0.1566,start,9,24,5,9,2,1
5319,4.023438,0.1305,start,9,25,5,9,2,1
5320,4.123264,0.0754,start,9,26,5,9,2,1
5321,4.192708,0.0377,start,9,27,5,9,2,1
5322,4.223091,0.029,start,9,28,5,9,2,1
5323,4.279514,0.0464,start,9,29,5,9,2,1
5324,4.318577,0.0377,start,9,30,5,9,2,1
5325,4.353299,0.0087,start,9,31,5,9,2,1
5326,4.418403,0.0203,start,9,32,5,9,2,1
5327,4.401042,-0.0058,start,9,33,5,9,2,1
5328,4.422743,0.0029,start,9,34,5,9,2,1
5329,4.435764,0.0261,start,9,35,5,9,2,1
5330,4.479167,0.0522,start,9,36,5,9,2,1
5331,4.513889,0.0725,start,9,37,5,9,2,1
5332,4.578993,0.0783,start,9,38,5,9,2,1
5333,4.639757,0.0986,start,9,39,5,9,2,1
5334,4.709202,0.0899,start,9,40,5,9,2,1
5335,4.809028,0.0899,start,9,41,5,9,2,1
5336,4.908854,0.1044,start,9,42,5,9,2,1
5337,5,0.0986,start,9,43,5,9,2,1
5338,5.091146,0.0957,start,9,44,5,9,2,1
5339,5.186632,0.0899,start,9,45,5,9,2,1
5340,5.282118,0.1015,start,9,46,5,9,2,1
5341,5.368924,0.0986,start,9,47,5,9,2,1
5342,5.438368,0.0899,start,9,48,5,9,2,1
5343,5.533854,0.0841,start,9,49,5,9,2,1
5344,5.62066,0.0638,start,9,50,5,9,2,1
5604,3.875868,-0.0696,stop,10,1,5,10,2,1
5605,3.819445,-0.0783,stop,10,2,5,10,2,1
5606,3.736979,-0.0725,stop,10,3,5,10,2,1
5607,3.650174,-0.0841,stop,10,4,5,10,2,1
5608,3.559028,-0.0986,stop,10,5,5,10,2,1
5609,3.476563,-0.1102,stop,10,6,5,10,2,1
5610,3.376736,-0.1073,stop,10,7,5,10,2,1
5611,3.268229,-0.1015,stop,10,8,5,10,2,1
5612,3.177083,-0.0986,stop,10,9,5,10,2,1
5613,3.077257,-0.0928,stop,10,10,5,10,2,1
5614,3.003472,-0.087,stop,10,11,5,10,2,1
5615,2.925347,-0.0754,stop,10,12,5,10,2,1
5616,2.842882,-0.0754,stop,10,13,5,10,2,1
5617,2.777778,-0.0667,stop,10,14,5,10,2,1
5618,2.708333,-0.0609,stop,10,15,5,10,2,1
5619,2.638889,-0.058,stop,10,16,5,10,2,1
5620,2.595486,-0.0551,stop,10,17,5,10,2,1
5621,2.543403,-0.0551,stop,10,18,5,10,2,1
5622,2.49132,-0.0638,stop,10,19,5,10,2,1
5623,2.434896,-0.0551,stop,10,20,5,10,2,1
5624,2.382813,-0.0609,stop,10,21,5,10,2,1
5625,2.309028,-0.0725,stop,10,22,5,10,2,1
5626,2.248264,-0.0638,stop,10,23,5,10,2,1
5627,2.17882,-0.0667,stop,10,24,5,10,2,1
5628,2.122396,-0.0725,stop,10,25,5,10,2,1
5629,2.052952,-0.0667,stop,10,26,5,10,2,1
5630,1.979167,-0.0696,stop,10,27,5,10,2,1
5631,1.918403,-0.0696,stop,10,28,5,10,2,1
5632,1.848958,-0.0667,stop,10,29,5,10,2,1
5633,1.783854,-0.0667,stop,10,30,5,10,2,1
5634,1.705729,-0.0667,stop,10,31,5,10,2,1
5635,1.640625,-0.0667,stop,10,32,5,10,2,1
5636,1.579861,-0.0638,stop,10,33,5,10,2,1
5637,1.527778,-0.0638,stop,10,34,5,10,2,1
5638,1.458333,-0.0696,stop,10,35,5,10,2,1
5639,1.384549,-0.0841,stop,10,36,5,10,2,1
5640,1.319445,-0.0812,stop,10,37,5,10,2,1
5641,1.24132,-0.087,stop,10,38,5,10,2,1
5642,1.163195,-0.0899,stop,10,39,5,10,2,1
5643,1.072049,-0.0899,stop,10,40,5,10,2,1
5644,0.980903,-0.0957,stop,10,41,5,10,2,1
5645,0.898438,-0.1015,stop,10,42,5,10,2,1
5646,0.746528,-0.0986,stop,10,43,5,10,2,1
5647,0.677083,-0.0986,stop,10,44,5,10,2,1
5648,0.590278,-0.1015,stop,10,45,5,10,2,1
5649,0.46441,-0.1015,stop,10,46,5,10,2,1
5650,0.334201,-0.1015,stop,10,47,5,10,2,1
5651,0.221354,-0.1015,stop,10,48,5,10,2,1
5652,0.125868,-0.0986,stop,10,49,5,10,2,1
5653,0,-0.0928,stop,10,50,5,10,2,1
5818,0.264757,0.116,start,11,1,6,11,2,1
5819,0.190972,0.1392,start,11,2,6,11,2,1
5820,0.755208,0.1653,start,11,3,6,11,2,1
5821,0.894097,0.1798,start,11,4,6,11,2,1
5822,1.09809,0.1885,start,11,5,6,11,2,1
5823,1.271701,0.1798,start,11,6,6,11,2,1
5824,1.414931,0.1682,start,11,7,6,11,2,1
5825,1.601563,0.1624,start,11,8,6,11,2,1
5826,1.762153,0.1508,start,11,9,6,11,2,1
5827,1.905382,0.1276,start,11,10,6,11,2,1
5828,2.03125,0.1218,start,11,11,6,11,2,1
5829,2.139757,0.1189,start,11,12,6,11,2,1
5830,2.261285,0.116,start,11,13,6,11,2,1
5831,2.365452,0.1131,start,11,14,6,11,2,1
5832,2.447917,0.0957,start,11,15,6,11,2,1
5833,2.560764,0.1015,start,11,16,6,11,2,1
5834,2.66059,0.1073,start,11,17,6,11,2,1
5835,2.764757,0.1073,start,11,18,6,11,2,1
5836,2.868924,0.1073,start,11,19,6,11,2,1
5837,2.977431,0.116,start,11,20,6,11,2,1
5838,3.072917,0.1131,start,11,21,6,11,2,1
5839,3.168403,0.1044,start,11,22,6,11,2,1
5840,3.268229,0.0899,start,11,23,6,11,2,1
5841,3.372396,0.0986,start,11,24,6,11,2,1
5842,3.42882,0.0928,start,11,25,6,11,2,1
5843,3.511285,0.0725,start,11,26,6,11,2,1
5844,3.59375,0.0725,start,11,27,6,11,2,1
5845,3.641493,0.0725,start,11,28,6,11,2,1
5846,3.74566,0.087,start,11,29,6,11,2,1
5847,3.845486,0.116,start,11,30,6,11,2,1
5848,3.936632,0.1218,start,11,31,6,11,2,1
5849,4.045139,0.1131,start,11,32,6,11,2,1
5850,4.149306,0.1189,start,11,33,6,11,2,1
5851,4.244792,0.0928,start,11,34,6,11,2,1
5852,4.340278,0.0899,start,11,35,6,11,2,1
5853,4.422743,0.0783,start,11,36,6,11,2,1
5854,4.492188,0.0696,start,11,37,6,11,2,1
5855,4.565972,0.058,start,11,38,6,11,2,1
5856,4.618056,0.0493,start,11,39,6,11,2,1
5857,4.665799,0.0435,start,11,40,6,11,2,1
5858,4.709202,0.0377,start,11,41,6,11,2,1
5859,4.739583,0.0348,start,11,42,6,11,2,1
5860,4.769966,0.0435,start,11,43,6,11,2,1
5861,4.800347,0.0348,start,11,44,6,11,2,1
5862,4.830729,0.029,start,11,45,6,11,2,1
5863,4.861111,0.0348,start,11,46,6,11,2,1
5864,4.895833,0.0319,start,11,47,6,11,2,1
5865,4.939236,0.0435,start,11,48,6,11,2,1
5866,4.965278,0.0377,start,11,49,6,11,2,1
5867,4.99566,0.0348,start,11,50,6,11,2,1
6574,6.467014,-0.0754,stop,12,1,6,12,2,1
6575,6.371528,-0.0493,stop,12,2,6,12,2,1
6576,6.219618,-0.0986,stop,12,3,6,12,2,1
6577,6.132813,-0.1044,stop,12,4,6,12,2,1
6578,6.019966,-0.1073,stop,12,5,6,12,2,1
6579,5.902778,-0.1276,stop,12,6,6,12,2,1
6580,5.789931,-0.1363,stop,12,7,6,12,2,1
6581,5.638021,-0.145,stop,12,8,6,12,2,1
6582,5.499132,-0.1508,stop,12,9,6,12,2,1
6583,5.355903,-0.1508,stop,12,10,6,12,2,1
6584,5.217014,-0.1421,stop,12,11,6,12,2,1
6585,5.060764,-0.1363,stop,12,12,6,12,2,1
6586,4.921875,-0.1305,stop,12,13,6,12,2,1
6587,4.787327,-0.1218,stop,12,14,6,12,2,1
6588,4.652778,-0.1218,stop,12,15,6,12,2,1
6589,4.53125,-0.116,stop,12,16,6,12,2,1
6590,4.422743,-0.0957,stop,12,17,6,12,2,1
6591,4.296875,-0.0899,stop,12,18,6,12,2,1
6592,4.21007,-0.0841,stop,12,19,6,12,2,1
6593,4.097222,-0.087,stop,12,20,6,12,2,1
6594,4.006077,-0.0812,stop,12,21,6,12,2,1
6595,3.89757,-0.0899,stop,12,22,6,12,2,1
6596,3.780382,-0.1102,stop,12,23,6,12,2,1
6597,3.680556,-0.1131,stop,12,24,6,12,2,1
6598,3.563368,-0.1218,stop,12,25,6,12,2,1
6599,3.424479,-0.145,stop,12,26,6,12,2,1
6600,3.28125,-0.1682,stop,12,27,6,12,2,1
6601,3.107639,-0.1682,stop,12,28,6,12,2,1
6602,2.934028,-0.1711,stop,12,29,6,12,2,1
6603,2.777778,-0.1595,stop,12,30,6,12,2,1
6604,2.595486,-0.1479,stop,12,31,6,12,2,1
6605,2.452257,-0.145,stop,12,32,6,12,2,1
6606,2.330729,-0.1421,stop,12,33,6,12,2,1
6607,2.139757,-0.1624,stop,12,34,6,12,2,1
6608,1.983507,-0.1566,stop,12,35,6,12,2,1
6609,1.853299,-0.1595,stop,12,36,6,12,2,1
6610,1.627604,-0.145,stop,12,37,6,12,2,1
6611,1.527778,-0.1392,stop,12,38,6,12,2,1
6612,1.345486,-0.1276,stop,12,39,6,12,2,1
6613,1.263021,-0.116,stop,12,40,6,12,2,1
6614,1.124132,-0.116,stop,12,41,6,12,2,1
6615,0.972222,-0.1131,stop,12,42,6,12,2,1
6616,0.859375,-0.1102,stop,12,43,6,12,2,1
6617,0.685764,-0.1073,stop,12,44,6,12,2,1
6618,0.581597,-0.1073,stop,12,45,6,12,2,1
6619,0.425347,-0.1015,stop,12,46,6,12,2,1
6620,0.334201,-0.1044,stop,12,47,6,12,2,1
6621,0.147569,-0.1073,stop,12,48,6,12,2,1
6622, ,-0.1073,stop,12,49,6,12,2,1
6623,0,-0.0174,stop,12,50,6,12,2,1
6735,0.78125,0.1943,start,13,1,7,13,2,1
6736,0.94184,0.2175,start,13,2,7,13,2,1
6737,1.150174,0.2262,start,13,3,7,13,2,1
6738,1.341146,0.2349,start,13,4,7,13,2,1
6739,1.783854,0.2407,start,13,5,7,13,2,1
6740,1.992188,0.2349,start,13,6,7,13,2,1
6741, ,0.2262,start,13,7,7,13,2,1
6742,2.413195,0.2204,start,13,8,7,13,2,1
6743, ,0.2088,start,13,9,7,13,2,1
6744,2.612847,0.1943,start,13,10,7,13,2,1
6745,2.773438,0.1827,start,13,11,7,13,2,1
6746,2.96007,0.1914,start,13,12,7,13,2,1
6747,3.125,0.1885,start,13,13,7,13,2,1
6748,3.289931,0.1624,start,13,14,7,13,2,1
6749,3.43316,0.1624,start,13,15,7,13,2,1
6750,3.576389,0.1595,start,13,16,7,13,2,1
6751,3.702257,0.1421,start,13,17,7,13,2,1
6752,3.836806,0.1421,start,13,18,7,13,2,1
6753,3.962674,0.1102,start,13,19,7,13,2,1
6754,4.040799,0.1276,start,13,20,7,13,2,1
6755,4.157986,0.1392,start,13,21,7,13,2,1
6756,4.275174,0.1247,start,13,22,7,13,2,1
6757,4.383681,0.1305,start,13,23,7,13,2,1
6758,4.600695,0.1334,start,13,24,7,13,2,1
6759, ,0.1421,start,13,25,7,13,2,1
6760,4.717882,0.1392,start,13,26,7,13,2,1
6761,4.848091,0.1479,start,13,27,7,13,2,1
6762,4.956597,0.1334,start,13,28,7,13,2,1
6763,5.069445,0.1218,start,13,29,7,13,2,1
6764,5.177952,0.1189,start,13,30,7,13,2,1
6765,5.299479,0.1247,start,13,31,7,13,2,1
6766,5.412327,0.116,start,13,32,7,13,2,1
6767,5.507813,0.1247,start,13,33,7,13,2,1
6768,5.716146,0.1218,start,13,34,7,13,2,1
6769, ,0.1189,start,13,35,7,13,2,1
6770,5.911458,0.1218,start,13,36,7,13,2,1
6771, ,0.1189,start,13,37,7,13,2,1
6772,6.011285,0.1189,start,13,38,7,13,2,1
6773,6.128472,0.1305,start,13,39,7,13,2,1
6774,6.223958,0.1479,start,13,40,7,13,2,1
6775,6.345487,0.1102,start,13,41,7,13,2,1
6776,6.462674,0.145,start,13,42,7,13,2,1
6777,6.55382,0.1044,start,13,43,7,13,2,1
6778,6.705729,0.1015,start,13,44,7,13,2,1
6779,6.896702,0.1421,start,13,45,7,13,2,1
6780,7.013889,0.1131,start,13,46,7,13,2,1
6781,7.061632,0.1334,start,13,47,7,13,2,1
6782, ,0.0725,start,13,48,7,13,2,1
6783,7.139757,0.0522,start,13,49,7,13,2,1
6784,7.230903,0.0638,start,13,50,7,13,2,1
7472,3.58941,-0.0725,stop,14,1,7,14,2,1
7473,3.506945,-0.0783,stop,14,2,7,14,2,1
7474,3.4375,-0.0812,stop,14,3,7,14,2,1
7475,3.359375,-0.0841,stop,14,4,7,14,2,1
7476,3.27691,-0.0725,stop,14,5,7,14,2,1
7477,3.207465,-0.0609,stop,14,6,7,14,2,1
7478,3.111979,-0.0667,stop,14,7,7,14,2,1
7479,3.055556,-0.0812,stop,14,8,7,14,2,1
7480,2.977431,-0.0754,stop,14,9,7,14,2,1
7481,2.894965,-0.0783,stop,14,10,7,14,2,1
7482,2.829861,-0.0899,stop,14,11,7,14,2,1
7483,2.734375,-0.0783,stop,14,12,7,14,2,1
7484,2.66059,-0.0638,stop,14,13,7,14,2,1
7485,2.573785,-0.0638,stop,14,14,7,14,2,1
7486,2.513021,-0.0754,stop,14,15,7,14,2,1
7487,2.430556,-0.0841,stop,14,16,7,14,2,1
7488,2.361111,-0.0696,stop,14,17,7,14,2,1
7489,2.287327,-0.0696,stop,14,18,7,14,2,1
7490,2.217882,-0.0638,stop,14,19,7,14,2,1
7491,2.152778,-0.0667,stop,14,20,7,14,2,1
7492,2.083333,-0.0667,stop,14,21,7,14,2,1
7493,2.02691,-0.0493,stop,14,22,7,14,2,1
7494,1.944445,-0.0551,stop,14,23,7,14,2,1
7495,1.87934,-0.0696,stop,14,24,7,14,2,1
7496,1.818576,-0.0725,stop,14,25,7,14,2,1
7497,1.753472,-0.0696,stop,14,26,7,14,2,1
7498,1.692708,-0.0638,stop,14,27,7,14,2,1
7499,1.614583,-0.0696,stop,14,28,7,14,2,1
7500,1.545139,-0.0696,stop,14,29,7,14,2,1
7501,1.480035,-0.0696,stop,14,30,7,14,2,1
7502,1.40191,-0.0725,stop,14,31,7,14,2,1
7503,1.332465,-0.0667,stop,14,32,7,14,2,1
7504,1.271701,-0.0522,stop,14,33,7,14,2,1
7505,1.206597,-0.0493,stop,14,34,7,14,2,1
7506,1.163195,-0.0493,stop,14,35,7,14,2,1
7507,1.106771,-0.0377,stop,14,36,7,14,2,1
7508,1.063368,-0.0406,stop,14,37,7,14,2,1
7509,1.011285,-0.0493,stop,14,38,7,14,2,1
7510,0.967882,-0.0522,stop,14,39,7,14,2,1
7511,0.902778,-0.0551,stop,14,40,7,14,2,1
7512,0.846354,-0.058,stop,14,41,7,14,2,1
7513,0.755208,-0.0551,stop,14,42,7,14,2,1
7514,0.681424,-0.0551,stop,14,43,7,14,2,1
7515,0.638021,-0.058,stop,14,44,7,14,2,1
7516,0.507813,-0.058,stop,14,45,7,14,2,1
7517,0.429688,-0.058,stop,14,46,7,14,2,1
7518,0.338542,-0.0609,stop,14,47,7,14,2,1
7519,0.243056,-0.058,stop,14,48,7,14,2,1
7520,0.173611,-0.058,stop,14,49,7,14,2,1
7521,0,-0.058,stop,14,50,7,14,2,1
7944,0.299479,0.0319,start,15,1,8,15,2,1
7945,0.572917,0.0493,start,15,2,8,15,2,1
7946,0.62934,0.0783,start,15,3,8,15,2,1
7947,0.78559,0.0986,start,15,4,8,15,2,1
7948,0.863715,0.0986,start,15,5,8,15,2,1
7949,0.93316,0.0754,start,15,6,8,15,2,1
7950,1.015625,0.0725,start,15,7,8,15,2,1
7951,1.08941,0.0899,start,15,8,8,15,2,1
7952,1.180556,0.0928,start,15,9,8,15,2,1
7953,1.280382,0.1073,start,15,10,8,15,2,1
7954,1.380208,0.1218,start,15,11,8,15,2,1
7955,1.523438,0.1363,start,15,12,8,15,2,1
7956,1.666667,0.1479,start,15,13,8,15,2,1
7957,1.792535,0.1595,start,15,14,8,15,2,1
7958,1.927083,0.1479,start,15,15,8,15,2,1
7959,2.074653,0.145,start,15,16,8,15,2,1
7960,2.19184,0.1363,start,15,17,8,15,2,1
7961,2.322049,0.1131,start,15,18,8,15,2,1
7962,2.413195,0.1015,start,15,19,8,15,2,1
7963,2.486979,0.0812,start,15,20,8,15,2,1
7964,2.547743,0.0522,start,15,21,8,15,2,1
7965,2.599827,0.0377,start,15,22,8,15,2,1
7966,2.612847,0.0203,start,15,23,8,15,2,1
7967,2.625868,0.0174,start,15,24,8,15,2,1
7968,2.612847,-0.0058,start,15,25,8,15,2,1
7969,2.630208,0.0029,start,15,26,8,15,2,1
7970,2.625868,0,start,15,27,8,15,2,1
7971,2.612847,0.0058,start,15,28,8,15,2,1
7972,2.608507,-0.0116,start,15,29,8,15,2,1
7973,2.599827,-0.0087,start,15,30,8,15,2,1
7974,2.591146,0,start,15,31,8,15,2,1
7975,2.573785,0,start,15,32,8,15,2,1
7976,2.573785,-0.0087,start,15,33,8,15,2,1
7977,2.578125,-0.0029,start,15,34,8,15,2,1
7978,2.573785,0,start,15,35,8,15,2,1
7979,2.569445,0,start,15,36,8,15,2,1
7980,2.565104,0,start,15,37,8,15,2,1
7981,2.556424,-0.0029,start,15,38,8,15,2,1
7982,2.539063,0.0116,start,15,39,8,15,2,1
7983,2.539063,0,start,15,40,8,15,2,1
7984,2.530382,-0.0174,start,15,41,8,15,2,1
7985,2.534722,-0.0116,start,15,42,8,15,2,1
7986,2.513021,-0.0058,start,15,43,8,15,2,1
7987,2.521702,-0.0145,start,15,44,8,15,2,1
7988,2.513021,-0.0116,start,15,45,8,15,2,1
7989,2.508681,0,start,15,46,8,15,2,1
7990,2.482639,0,start,15,47,8,15,2,1
7991,2.465278,-0.0087,start,15,48,8,15,2,1
7992,2.465278,0.0058,start,15,49,8,15,2,1
7993,2.456597,-0.0058,start,15,50,8,15,2,1
8002,2.391493,0,stop,16,1,8,16,2,1
8003,2.391493,-0.0116,stop,16,2,8,16,2,1
8004,2.391493,-0.0087,stop,16,3,8,16,2,1
8005,2.382813,0,stop,16,4,8,16,2,1
8006,2.369792,0,stop,16,5,8,16,2,1
8007,2.356771,-0.0261,stop,16,6,8,16,2,1
8008,2.34809,-0.0232,stop,16,7,8,16,2,1
8009,2.369792,-0.029,stop,16,8,8,16,2,1
8010,2.352431,0,stop,16,9,8,16,2,1
8011,2.352431,0,stop,16,10,8,16,2,1
8012,2.356771,-0.0029,stop,16,11,8,16,2,1
8013,2.356771,0,stop,16,12,8,16,2,1
8014,2.34375,0,stop,16,13,8,16,2,1
8015,2.33941, ,stop,16,14,8,16,2,1
8016,2.322049,-0.0087,stop,16,15,8,16,2,1
8017,2.313368,0,stop,16,16,8,16,2,1
8018,2.313368, ,stop,16,17,8,16,2,1
8019,2.309028,-0.0058,stop,16,18,8,16,2,1
8020,2.309028,0,stop,16,19,8,16,2,1
8021,2.287327,-0.0174,stop,16,20,8,16,2,1
8022,2.269965,-0.0232,stop,16,21,8,16,2,1
8023, ,-0.0406,stop,16,22,8,16,2,1
8024,2.17882,-0.058,stop,16,23,8,16,2,1
8025,2.109375,-0.0754,stop,16,24,8,16,2,1
8026,2.057292,-0.0667,stop,16,25,8,16,2,1
8027,1.983507, ,stop,16,26,8,16,2,1
8028,1.905382,-0.0638,stop,16,27,8,16,2,1
8029,1.831597,-0.0812,stop,16,28,8,16,2,1
8030,1.106771,-0.0957,stop,16,29,8,16,2,1
8031,1.671007,-0.1131,stop,16,30,8,16,2,1
8032,1.545139,-0.1247,stop,16,31,8,16,2,1
8033,1.427951,-0.1189,stop,16,32,8,16,2,1
8034,1.341146,-0.0754,stop,16,33,8,16,2,1
8035,1.276042,-0.0348,stop,16,34,8,16,2,1
8036,1.202257,-0.0435,stop,16,35,8,16,2,1
8037,1.158854,-0.0551,stop,16,36,8,16,2,1
8038,1.102431,-0.0522,stop,16,37,8,16,2,1
8039,1.041667,-0.0522,stop,16,38,8,16,2,1
8040,0.985243,-0.058,stop,16,39,8,16,2,1
8041,0.859375,-0.058,stop,16,40,8,16,2,1
8042,0.859375,-0.0551,stop,16,41,8,16,2,1
8043,0.789931,-0.058,stop,16,42,8,16,2,1
8044,0.690104,-0.0696,stop,16,43,8,16,2,1
8045,0.62934,-0.0754,stop,16,44,8,16,2,1
8046,0.499132,-0.0754,stop,16,45,8,16,2,1
8047,0.394965,-0.0725,stop,16,46,8,16,2,1
8048,0.286458,-0.0754,stop,16,47,8,16,2,1
8049,0.186632,-0.0783,stop,16,48,8,16,2,1
8050,0.125868,-0.0696,stop,16,49,8,16,2,1
8051,0,-0.0754,stop,16,50,8,16,2,1
8787,0.759549,0.174,start,17,1,9,17,2,1
8788,0.915799,0.2146,start,17,2,9,17,2,1
8789,1.115451,0.2407,start,17,3,9,17,2,1
8790,1.388889,0.2668,start,17,4,9,17,2,1
8791,1.636285,0.2958,start,17,5,9,17,2,1
8792,1.905382,0.3132,start,17,6,9,17,2,1
8793,2.196181,0.319,start,17,7,9,17,2,1
8794,2.547743,0.2987,start,17,8,9,17,2,1
8795,2.790799,0.2842,start,17,9,9,17,2,1
8796,3.007813,0.2175,start,17,10,9,17,2,1
8797,3.194445,0.1885,start,17,11,9,17,2,1
8798,3.385417,0.1972,start,17,12,9,17,2,1
8799,3.537327,0.1537,start,17,13,9,17,2,1
8800,3.697917,0.1392,start,17,14,9,17,2,1
8801,3.841146,0.1392,start,17,15,9,17,2,1
8802,3.927952,0.0986,start,17,16,9,17,2,1
8803,3.984375,0.0725,start,17,17,9,17,2,1
8804,4.023438,0.0377,start,17,18,9,17,2,1
8805,4.105903,0.0319,start,17,19,9,17,2,1
8806,4.192708,0.0609,start,17,20,9,17,2,1
8807,4.244792,0.0551,start,17,21,9,17,2,1
8808,4.283854,0.058,start,17,22,9,17,2,1
8809,4.340278,0.0551,start,17,23,9,17,2,1
8810,4.435764,0.0638,start,17,24,9,17,2,1
8811,4.479167,0.0377,start,17,25,9,17,2,1
8812,4.548611,0.0406,start,17,26,9,17,2,1
8813,4.596354,0.029,start,17,27,9,17,2,1
8814,4.665799,0.0348,start,17,28,9,17,2,1
8815,4.709202,0.0116,start,17,29,9,17,2,1
8816,4.735243,-0.0029,start,17,30,9,17,2,1
8817,4.730903,-0.0261,start,17,31,9,17,2,1
8818,4.726563,-0.0203,start,17,32,9,17,2,1
8819,4.730903,-0.0174,start,17,33,9,17,2,1
8820,4.709202,-0.0029,start,17,34,9,17,2,1
8821,4.730903,-0.0145,start,17,35,9,17,2,1
8822,4.752604,0.0029,start,17,36,9,17,2,1
8823,4.761285,0,start,17,37,9,17,2,1
8824,4.804688,0.0029,start,17,38,9,17,2,1
8825,4.83507,0.0116,start,17,39,9,17,2,1
8826,4.874132,0.0029,start,17,40,9,17,2,1
8827,4.908854,0.0087,start,17,41,9,17,2,1
8828,4.947917,0.0174,start,17,42,9,17,2,1
8829,4.99132,0.0261,start,17,43,9,17,2,1
8830,5.039063,0.0377,start,17,44,9,17,2,1
8831,5.086806,0.0435,start,17,45,9,17,2,1
8832,5.121528,0.0406,start,17,46,9,17,2,1
8833,5.182292,0.0464,start,17,47,9,17,2,1
8834,5.221354,0.0319,start,17,48,9,17,2,1
8835,5.256077,0.029,start,17,49,9,17,2,1
8836,5.299479,0.029,start,17,50,9,17,2,1
10606,2.118056,-0.0377,stop,18,1,9,18,2,1
10607,2.070313,-0.029,stop,18,2,9,18,2,1
10608,2.044271,-0.0232,stop,18,3,9,18,2,1
10609,2.02691,-0.0203,stop,18,4,9,18,2,1
10610,2.013889,-0.029,stop,18,5,9,18,2,1
10611,2.005208,-0.0232,stop,18,6,9,18,2,1
10612,1.992188,-0.0116,stop,18,7,9,18,2,1
10613,1.974826,-0.0145,stop,18,8,9,18,2,1
10614,1.948785,-0.0319,stop,18,9,9,18,2,1
10615,1.957465,-0.0145,stop,18,10,9,18,2,1
10616,1.935764,-0.0174,stop,18,11,9,18,2,1
10617,1.935764,-0.0174,stop,18,12,9,18,2,1
10618,1.931424,-0.0261,stop,18,13,9,18,2,1
10619,1.922743,-0.0232,stop,18,14,9,18,2,1
10620,1.888021,-0.0377,stop,18,15,9,18,2,1
10621,1.875,-0.0058,stop,18,16,9,18,2,1
10622,1.827257,-0.0522,stop,18,17,9,18,2,1
10623,1.805556,-0.0696,stop,18,18,9,18,2,1
10624,1.857639,-0.029,stop,18,19,9,18,2,1
10625,1.783854,-0.0145,stop,18,20,9,18,2,1
10626,1.757813,-0.0232,stop,18,21,9,18,2,1
10627,1.71875,-0.0261,stop,18,22,9,18,2,1
10628,1.701389,-0.0319,stop,18,23,9,18,2,1
10629,1.675347,-0.029,stop,18,24,9,18,2,1
10630,1.631945,-0.0377,stop,18,25,9,18,2,1
10631,1.605903,-0.029,stop,18,26,9,18,2,1
10632,1.571181,-0.0319,stop,18,27,9,18,2,1
10633,1.527778,-0.0406,stop,18,28,9,18,2,1
10634,1.510417,-0.0232,stop,18,29,9,18,2,1
10635,1.467014,-0.0174,stop,18,30,9,18,2,1
10636,1.436632,-0.029,stop,18,31,9,18,2,1
10637,1.419271,-0.0319,stop,18,32,9,18,2,1
10638,1.393229,-0.0348,stop,18,33,9,18,2,1
10639,1.358507,-0.029,stop,18,34,9,18,2,1
10640,1.297743,-0.0261,stop,18,35,9,18,2,1
10641,1.25434,-0.0406,stop,18,36,9,18,2,1
10642,1.202257,-0.0435,stop,18,37,9,18,2,1
10643,1.150174,-0.0406,stop,18,38,9,18,2,1
10644,1.09809,-0.0522,stop,18,39,9,18,2,1
10645,1.059028,-0.0551,stop,18,40,9,18,2,1
10646,0.993924,-0.0725,stop,18,41,9,18,2,1
10647,0.894097,-0.0841,stop,18,42,9,18,2,1
10648,0.772569,-0.0928,stop,18,43,9,18,2,1
10649,0.737847,-0.0957,stop,18,44,9,18,2,1
10650,0.564236,-0.0899,stop,18,45,9,18,2,1
10651,0.477431,-0.0841,stop,18,46,9,18,2,1
10652,0.342882,-0.0841,stop,18,47,9,18,2,1
10653,0.234375,-0.0841,stop,18,48,9,18,2,1
10654,0.15191,-0.0812,stop,18,49,9,18,2,1
10655,0,-0.087,stop,18,50,9,18,2,1
10701,0.256076,-0.0261,start,19,1,10,19,2,1
10702,0.217014,-0.0174,start,19,2,10,19,2,1
10703,0.277778,-0.0116,start,19,3,10,19,2,1
10704,0.295139,-0.0145,start,19,4,10,19,2,1
10705,0.360243,-0.0232,start,19,5,10,19,2,1
10706,0.677083,0.0087,start,19,6,10,19,2,1
10707,0.581597,0.0116,start,19,7,10,19,2,1
10708,0.681424,-0.0087,start,19,8,10,19,2,1
10709,0.638021,-0.0232,start,19,9,10,19,2,1
10710,0.572917,-0.0145,start,19,10,10,19,2,1
10711,0.642361,0.0058,start,19,11,10,19,2,1
10712,0.716146,-0.0087,start,19,12,10,19,2,1
10713,0.672743,-0.0203,start,19,13,10,19,2,1
10714,0.685764,-0.0261,start,19,14,10,19,2,1
10715,0.694444,0.0145,start,19,15,10,19,2,1
10716,0.750868,0.0261,start,19,16,10,19,2,1
10717,0.690104,0.0406,start,19,17,10,19,2,1
10718,0.668403,0.0319,start,19,18,10,19,2,1
10719,0.646701,0.0348,start,19,19,10,19,2,1
10720,0.577257,0.0406,start,19,20,10,19,2,1
10721,0.546875,0.0319,start,19,21,10,19,2,1
10722,0.525174,0.0261,start,19,22,10,19,2,1
10723,0.477431,0.0116,start,19,23,10,19,2,1
10724,0.377604,0.0087,start,19,24,10,19,2,1
10725,0.442708,0.0087,start,19,25,10,19,2,1
10726,0.338542,0.0029,start,19,26,10,19,2,1
10727,0.351563,0.0029,start,19,27,10,19,2,1
10728,0.282118,0.0145,start,19,28,10,19,2,1
10729,0.217014,0.0029,start,19,29,10,19,2,1
10730,0.182292,0.0029,start,19,30,10,19,2,1
10731,0.256076,0,start,19,31,10,19,2,1
10732,0.217014,0,start,19,32,10,19,2,1
10733,0.260417,0.0145,start,19,33,10,19,2,1
10734,0.221354,0.0232,start,19,34,10,19,2,1
10735,0.256076,0.0348,start,19,35,10,19,2,1
10736,0.217014,0.0406,start,19,36,10,19,2,1
10737,0.186632,0.0348,start,19,37,10,19,2,1
10738,0.134549,0.0319,start,19,38,10,19,2,1
10739,0.095486,0.0406,start,19,39,10,19,2,1
10740,0.082465, ,start,19,40,10,19,2,1
10741,0.056424,0.0493,start,19,41,10,19,2,1
10742,0,0.0551,start,19,42,10,19,2,1
10743,0,0.0609,start,19,43,10,19,2,1
10744,0,0.0609,start,19,44,10,19,2,1
10745,0,0.0493,start,19,45,10,19,2,1
10746,0,0.0058,start,19,46,10,19,2,1
10747,0,0,start,19,47,10,19,2,1
10748,0,-0.0145,start,19,48,10,19,2,1
10749,0,0,start,19,49,10,19,2,1
10750,0,0.0029,start,19,50,10,19,2,1
10693,0,-0.0116,stop,20,1,10,20,2,1
10694,0,-0.0145,stop,20,2,10,20,2,1
10695,0,-0.0203,stop,20,3,10,20,2,1
10696,0,-0.0174,stop,20,4,10,20,2,1
10697,0,-0.0087,stop,20,5,10,20,2,1
10698,0,-0.0087,stop,20,6,10,20,2,1
10699,0,-0.0058,stop,20,7,10,20,2,1
10700,0,-0.0116,stop,20,8,10,20,2,1
10701,0.256076,-0.0261,stop,20,9,10,20,2,1
10702,0.217014,-0.0174,stop,20,10,10,20,2,1
10703,0.277778,-0.0116,stop,20,11,10,20,2,1
10704,0.295139,-0.0145,stop,20,12,10,20,2,1
10705,0.360243,-0.0232,stop,20,13,10,20,2,1
10706,0.677083,0.0087,stop,20,14,10,20,2,1
10707,0.581597,0.0116,stop,20,15,10,20,2,1
10708,0.681424,-0.0087,stop,20,16,10,20,2,1
10709,0.638021,-0.0232,stop,20,17,10,20,2,1
10710,0.572917,-0.0145,stop,20,18,10,20,2,1
10711,0.642361,0.0058,stop,20,19,10,20,2,1
10712,0.716146,-0.0087,stop,20,20,10,20,2,1
10713,0.672743,-0.0203,stop,20,21,10,20,2,1
10714,0.685764,-0.0261,stop,20,22,10,20,2,1
10715,0.694444,0.0145,stop,20,23,10,20,2,1
10716,0.750868,0.0261,stop,20,24,10,20,2,1
10717,0.690104,0.0406,stop,20,25,10,20,2,1
10718,0.668403,0.0319,stop,20,26,10,20,2,1
10719,0.646701,0.0348,stop,20,27,10,20,2,1
10720,0.577257,0.0406,stop,20,28,10,20,2,1
10721,0.546875,0.0319,stop,20,29,10,20,2,1
10722,0.525174,0.0261,stop,20,30,10,20,2,1
10723,0.477431,0.0116,stop,20,31,10,20,2,1
10724,0.377604,0.0087,stop,20,32,10,20,2,1
10725,0.442708,0.0087,stop,20,33,10,20,2,1
10726,0.338542,0.0029,stop,20,34,10,20,2,1
10727,0.351563,0.0029,stop,20,35,10,20,2,1
10728,0.282118,0.0145,stop,20,36,10,20,2,1
10729,0.217014,0.0029,stop,20,37,10,20,2,1
10730,0.182292,0.0029,stop,20,38,10,20,2,1
10731,0.256076,0,stop,20,39,10,20,2,1
10732,0.217014,0,stop,20,40,10,20,2,1
10733,0.260417,0.0145,stop,20,41,10,20,2,1
10734,0.221354,0.0232,stop,20,42,10,20,2,1
10735,0.256076,0.0348,stop,20,43,10,20,2,1
10736,0.217014,0.0406,stop,20,44,10,20,2,1
10737,0.186632,0.0348,stop,20,45,10,20,2,1
10738,0.134549,0.0319,stop,20,46,10,20,2,1
10739,0.095486,0.0406,stop,20,47,10,20,2,1
10740,0.082465, ,stop,20,48,10,20,2,1
10741,0.056424,0.0493,stop,20,49,10,20,2,1
10742,0,0.0551,stop,20,50,10,20,2,1
10801,0.221354,-0.0174,start,21,1,11,21,2,1
10802,0.15625,-0.0203,start,21,2,11,21,2,1
10803,0.134549,0.0058,start,21,3,11,21,2,1
10804,0.095486,0.0174,start,21,4,11,21,2,1
10805,0.069444,0.0116,start,21,5,11,21,2,1
10806,0,0,start,21,6,11,21,2,1
10807,0,-0.0029,start,21,7,11,21,2,1
10808,0.234375,-0.0087,start,21,8,11,21,2,1
10809,0.199653,-0.0145,start,21,9,11,21,2,1
10810,0.143229,-0.0145,start,21,10,11,21,2,1
10811,0.121528,-0.0116,start,21,11,11,21,2,1
10812,0.104167,-0.0087,start,21,12,11,21,2,1
10813,0.073785,-0.0145,start,21,13,11,21,2,1
10814,0,-0.0261,start,21,14,11,21,2,1
10815,0,-0.0232,start,21,15,11,21,2,1
10816,0,-0.0203,start,21,16,11,21,2,1
10817,0,-0.0174,start,21,17,11,21,2,1
10818,0,0.0319,start,21,18,11,21,2,1
10819,0,0.0493,start,21,19,11,21,2,1
10820,0,0.0464,start,21,20,11,21,2,1
10821,0,0.0406,start,21,21,11,21,2,1
10822,0,0.0435,start,21,22,11,21,2,1
10823,0,0.0377,start,21,23,11,21,2,1
10824,0,0.0377,start,21,24,11,21,2,1
10825,0,0.0348,start,21,25,11,21,2,1
10826,0,0.0377,start,21,26,11,21,2,1
10827,0,0.0348,start,21,27,11,21,2,1
10828,0,0.0377,start,21,28,11,21,2,1
10829,0,0.0435,start,21,29,11,21,2,1
10830,0,0.0377,start,21,30,11,21,2,1
10831,0,0.0435,start,21,31,11,21,2,1
10832,0,0.0464,start,21,32,11,21,2,1
10833,0.321181,0.0319,start,21,33,11,21,2,1
10834,0.590278,0.0319,start,21,34,11,21,2,1
10835,0.507813,0.0319,start,21,35,11,21,2,1
10836,0.62934,0.0261,start,21,36,11,21,2,1
10837,0.581597,0.0145,start,21,37,11,21,2,1
10838,0.690104,0.0116,start,21,38,11,21,2,1
10839,0.62066,0.0087,start,21,39,11,21,2,1
10840,0.529514,0.0029,start,21,40,11,21,2,1
10841,0.559896,0.0203,start,21,41,11,21,2,1
10842,0.694444,0.0174,start,21,42,11,21,2,1
10843,0.655382,0.0058,start,21,43,11,21,2,1
10844,0.651042,-0.0261,start,21,44,11,21,2,1
10845,0.651042,0,start,21,45,11,21,2,1
10846,0.585938,-0.0058,start,21,46,11,21,2,1
10847,0.664063,-0.0087,start,21,47,11,21,2,1
10848,0.529514,-0.0116,start,21,48,11,21,2,1
10849,0.529514,-0.029,start,21,49,11,21,2,1
10850,0.546875,-0.0319,start,21,50,11,21,2,1
10757,0,-0.0087,stop,22,1,11,22,2,1
10758,0,0,stop,22,2,11,22,2,1
10759,0,0.0203,stop,22,3,11,22,2,1
10760,0,0.0232,stop,22,4,11,22,2,1
10761,0,0.029,stop,22,5,11,22,2,1
10762,0,0.0261,stop,22,6,11,22,2,1
10763,0,0.0232,stop,22,7,11,22,2,1
10764,0,0.0261,stop,22,8,11,22,2,1
10765,0,0.0232,stop,22,9,11,22,2,1
10766,0,0.029,stop,22,10,11,22,2,1
10767,0,0.0377,stop,22,11,11,22,2,1
10768,0,0.0406,stop,22,12,11,22,2,1
10769,0,0.0435,stop,22,13,11,22,2,1
10770,0,0.0232,stop,22,14,11,22,2,1
10771,0,-0.0174,stop,22,15,11,22,2,1
10772,0,0.0087,stop,22,16,11,22,2,1
10773,0,0.0058,stop,22,17,11,22,2,1
10774,0,0,stop,22,18,11,22,2,1
10775,0,0.0058,stop,22,19,11,22,2,1
10776,0,0.0029,stop,22,20,11,22,2,1
10777,0,-0.0087,stop,22,21,11,22,2,1
10778,0,0.0058,stop,22,22,11,22,2,1
10779,0,0.0029,stop,22,23,11,22,2,1
10780,0,0.0029,stop,22,24,11,22,2,1
10781,0,0.0087,stop,22,25,11,22,2,1
10782,0,0.0058,stop,22,26,11,22,2,1
10783,0,0.0029,stop,22,27,11,22,2,1
10784,0,0.0029,stop,22,28,11,22,2,1
10785,0,0.0029,stop,22,29,11,22,2,1
10786,0,0.0058,stop,22,30,11,22,2,1
10787,0,0.0232,stop,22,31,11,22,2,1
10788,0,0.0493,stop,22,32,11,22,2,1
10789,0,0.0638,stop,22,33,11,22,2,1
10790,0,0.0638,stop,22,34,11,22,2,1
10791,0,0.0551,stop,22,35,11,22,2,1
10792,0,0.0464,stop,22,36,11,22,2,1
10793,0,0.0406,stop,22,37,11,22,2,1
10794,0,0.0493,stop,22,38,11,22,2,1
10795,0,0.0493,stop,22,39,11,22,2,1
10796,0,0.0551,stop,22,40,11,22,2,1
10797,0,0.0551,stop,22,41,11,22,2,1
10798,0,0.0435,stop,22,42,11,22,2,1
10799,0,0.0319,stop,22,43,11,22,2,1
10800,0,0.0087,stop,22,44,11,22,2,1
10801,0.221354,-0.0174,stop,22,45,11,22,2,1
10802,0.15625,-0.0203,stop,22,46,11,22,2,1
10803,0.134549,0.0058,stop,22,47,11,22,2,1
10804,0.095486,0.0174,stop,22,48,11,22,2,1
10805,0.069444,0.0116,stop,22,49,11,22,2,1
10806,0,0,stop,22,50,11,22,2,1
10808,0.234375,-0.0087,start,23,1,12,23,2,1
10809,0.199653,-0.0145,start,23,2,12,23,2,1
10810,0.143229,-0.0145,start,23,3,12,23,2,1
10811,0.121528,-0.0116,start,23,4,12,23,2,1
10812,0.104167,-0.0087,start,23,5,12,23,2,1
10813,0.073785,-0.0145,start,23,6,12,23,2,1
10814,0,-0.0261,start,23,7,12,23,2,1
10815,0,-0.0232,start,23,8,12,23,2,1
10816,0,-0.0203,start,23,9,12,23,2,1
10817,0,-0.0174,start,23,10,12,23,2,1
10818,0,0.0319,start,23,11,12,23,2,1
10819,0,0.0493,start,23,12,12,23,2,1
10820,0,0.0464,start,23,13,12,23,2,1
10821,0,0.0406,start,23,14,12,23,2,1
10822,0,0.0435,start,23,15,12,23,2,1
10823,0,0.0377,start,23,16,12,23,2,1
10824,0,0.0377,start,23,17,12,23,2,1
10825,0,0.0348,start,23,18,12,23,2,1
10826,0,0.0377,start,23,19,12,23,2,1
10827,0,0.0348,start,23,20,12,23,2,1
10828,0,0.0377,start,23,21,12,23,2,1
10829,0,0.0435,start,23,22,12,23,2,1
10830,0,0.0377,start,23,23,12,23,2,1
10831,0,0.0435,start,23,24,12,23,2,1
10832,0,0.0464,start,23,25,12,23,2,1
10833,0.321181,0.0319,start,23,26,12,23,2,1
10834,0.590278,0.0319,start,23,27,12,23,2,1
10835,0.507813,0.0319,start,23,28,12,23,2,1
10836,0.62934,0.0261,start,23,29,12,23,2,1
10837,0.581597,0.0145,start,23,30,12,23,2,1
10838,0.690104,0.0116,start,23,31,12,23,2,1
10839,0.62066,0.0087,start,23,32,12,23,2,1
10840,0.529514,0.0029,start,23,33,12,23,2,1
10841,0.559896,0.0203,start,23,34,12,23,2,1
10842,0.694444,0.0174,start,23,35,12,23,2,1
10843,0.655382,0.0058,start,23,36,12,23,2,1
10844,0.651042,-0.0261,start,23,37,12,23,2,1
10845,0.651042,0,start,23,38,12,23,2,1
10846,0.585938,-0.0058,start,23,39,12,23,2,1
10847,0.664063,-0.0087,start,23,40,12,23,2,1
10848,0.529514,-0.0116,start,23,41,12,23,2,1
10849,0.529514,-0.029,start,23,42,12,23,2,1
10850,0.546875,-0.0319,start,23,43,12,23,2,1
10851,0.434028,-0.0464,start,23,44,12,23,2,1
10852,0.334201,-0.0522,start,23,45,12,23,2,1
10853,0.243056,-0.0551,start,23,46,12,23,2,1
10854,0.164931,-0.0667,start,23,47,12,23,2,1
10855,0.069444,-0.0696,start,23,48,12,23,2,1
10856,0,-0.0841,start,23,49,12,23,2,1
10857,0,-0.1015,start,23,50,12,23,2,1
10765,0,0.0232,stop,24,1,12,24,2,1
10766,0,0.029,stop,24,2,12,24,2,1
10767,0,0.0377,stop,24,3,12,24,2,1
10768,0,0.0406,stop,24,4,12,24,2,1
10769,0,0.0435,stop,24,5,12,24,2,1
10770,0,0.0232,stop,24,6,12,24,2,1
10771,0,-0.0174,stop,24,7,12,24,2,1
10772,0,0.0087,stop,24,8,12,24,2,1
10773,0,0.0058,stop,24,9,12,24,2,1
10774,0,0,stop,24,10,12,24,2,1
10775,0,0.0058,stop,24,11,12,24,2,1
10776,0,0.0029,stop,24,12,12,24,2,1
10777,0,-0.0087,stop,24,13,12,24,2,1
10778,0,0.0058,stop,24,14,12,24,2,1
10779,0,0.0029,stop,24,15,12,24,2,1
10780,0,0.0029,stop,24,16,12,24,2,1
10781,0,0.0087,stop,24,17,12,24,2,1
10782,0,0.0058,stop,24,18,12,24,2,1
10783,0,0.0029,stop,24,19,12,24,2,1
10784,0,0.0029,stop,24,20,12,24,2,1
10785,0,0.0029,stop,24,21,12,24,2,1
10786,0,0.0058,stop,24,22,12,24,2,1
10787,0,0.0232,stop,24,23,12,24,2,1
10788,0,0.0493,stop,24,24,12,24,2,1
10789,0,0.0638,stop,24,25,12,24,2,1
10790,0,0.0638,stop,24,26,12,24,2,1
10791,0,0.0551,stop,24,27,12,24,2,1
10792,0,0.0464,stop,24,28,12,24,2,1
10793,0,0.0406,stop,24,29,12,24,2,1
10794,0,0.0493,stop,24,30,12,24,2,1
10795,0,0.0493,stop,24,31,12,24,2,1
10796,0,0.0551,stop,24,32,12,24,2,1
10797,0,0.0551,stop,24,33,12,24,2,1
10798,0,0.0435,stop,24,34,12,24,2,1
10799,0,0.0319,stop,24,35,12,24,2,1
10800,0,0.0087,stop,24,36,12,24,2,1
10801,0.221354,-0.0174,stop,24,37,12,24,2,1
10802,0.15625,-0.0203,stop,24,38,12,24,2,1
10803,0.134549,0.0058,stop,24,39,12,24,2,1
10804,0.095486,0.0174,stop,24,40,12,24,2,1
10805,0.069444,0.0116,stop,24,41,12,24,2,1
10806,0,0,stop,24,42,12,24,2,1
10807,0,-0.0029,stop,24,43,12,24,2,1
10808,0.234375,-0.0087,stop,24,44,12,24,2,1
10809,0.199653,-0.0145,stop,24,45,12,24,2,1
10810,0.143229,-0.0145,stop,24,46,12,24,2,1
10811,0.121528,-0.0116,stop,24,47,12,24,2,1
10812,0.104167,-0.0087,stop,24,48,12,24,2,1
10813,0.073785,-0.0145,stop,24,49,12,24,2,1
10814,0,-0.0261,stop,24,50,12,24,2,1
10833,0.321181,0.0319,start,25,1,13,25,2,1
10834,0.590278,0.0319,start,25,2,13,25,2,1
10835,0.507813,0.0319,start,25,3,13,25,2,1
10836,0.62934,0.0261,start,25,4,13,25,2,1
10837,0.581597,0.0145,start,25,5,13,25,2,1
10838,0.690104,0.0116,start,25,6,13,25,2,1
10839,0.62066,0.0087,start,25,7,13,25,2,1
10840,0.529514,0.0029,start,25,8,13,25,2,1
10841,0.559896,0.0203,start,25,9,13,25,2,1
10842,0.694444,0.0174,start,25,10,13,25,2,1
10843,0.655382,0.0058,start,25,11,13,25,2,1
10844,0.651042,-0.0261,start,25,12,13,25,2,1
10845,0.651042,0,start,25,13,13,25,2,1
10846,0.585938,-0.0058,start,25,14,13,25,2,1
10847,0.664063,-0.0087,start,25,15,13,25,2,1
10848,0.529514,-0.0116,start,25,16,13,25,2,1
10849,0.529514,-0.029,start,25,17,13,25,2,1
10850,0.546875,-0.0319,start,25,18,13,25,2,1
10851,0.434028,-0.0464,start,25,19,13,25,2,1
10852,0.334201,-0.0522,start,25,20,13,25,2,1
10853,0.243056,-0.0551,start,25,21,13,25,2,1
10854,0.164931,-0.0667,start,25,22,13,25,2,1
10855,0.069444,-0.0696,start,25,23,13,25,2,1
10856,0,-0.0841,start,25,24,13,25,2,1
10857,0,-0.1015,start,25,25,13,25,2,1
10858,0,0.0145,start,25,26,13,25,2,1
10859,0,0.058,start,25,27,13,25,2,1
10860,0,-0.0116,start,25,28,13,25,2,1
10861,0,0.0087,start,25,29,13,25,2,1
10862,0,0.0261,start,25,30,13,25,2,1
10863,0,-0.0058,start,25,31,13,25,2,1
10864,0,0.0116,start,25,32,13,25,2,1
10865,0,0.0174,start,25,33,13,25,2,1
10866,0,0,start,25,34,13,25,2,1
10867,0,0.0116,start,25,35,13,25,2,1
10868,0,0.0116,start,25,36,13,25,2,1
10869,0,0.0058,start,25,37,13,25,2,1
10870,0,0.0087,start,25,38,13,25,2,1
10871,0,0.0058,start,25,39,13,25,2,1
10872,0,0.0029,start,25,40,13,25,2,1
10873,0,0.0058,start,25,41,13,25,2,1
10874,0,0.0029,start,25,42,13,25,2,1
10875,0,0,start,25,43,13,25,2,1
10876,0,-0.0058,start,25,44,13,25,2,1
10877,0,-0.0261,start,25,45,13,25,2,1
10878,0,-0.0377,start,25,46,13,25,2,1
10879,0,-0.0087,start,25,47,13,25,2,1
10880,0,0,start,25,48,13,25,2,1
10881,0,-0.0232,start,25,49,13,25,2,1
10882,0,-0.0145,start,25,50,13,25,2,1
10807,0,-0.0029,stop,26,1,13,26,2,1
10808,0.234375,-0.0087,stop,26,2,13,26,2,1
10809,0.199653,-0.0145,stop,26,3,13,26,2,1
10810,0.143229,-0.0145,stop,26,4,13,26,2,1
10811,0.121528,-0.0116,stop,26,5,13,26,2,1
10812,0.104167,-0.0087,stop,26,6,13,26,2,1
10813,0.073785,-0.0145,stop,26,7,13,26,2,1
10814,0,-0.0261,stop,26,8,13,26,2,1
10815,0,-0.0232,stop,26,9,13,26,2,1
10816,0,-0.0203,stop,26,10,13,26,2,1
10817,0,-0.0174,stop,26,11,13,26,2,1
10818,0,0.0319,stop,26,12,13,26,2,1
10819,0,0.0493,stop,26,13,13,26,2,1
10820,0,0.0464,stop,26,14,13,26,2,1
10821,0,0.0406,stop,26,15,13,26,2,1
10822,0,0.0435,stop,26,16,13,26,2,1
10823,0,0.0377,stop,26,17,13,26,2,1
10824,0,0.0377,stop,26,18,13,26,2,1
10825,0,0.0348,stop,26,19,13,26,2,1
10826,0,0.0377,stop,26,20,13,26,2,1
10827,0,0.0348,stop,26,21,13,26,2,1
10828,0,0.0377,stop,26,22,13,26,2,1
10829,0,0.0435,stop,26,23,13,26,2,1
10830,0,0.0377,stop,26,24,13,26,2,1
10831,0,0.0435,stop,26,25,13,26,2,1
10832,0,0.0464,stop,26,26,13,26,2,1
10833,0.321181,0.0319,stop,26,27,13,26,2,1
10834,0.590278,0.0319,stop,26,28,13,26,2,1
10835,0.507813,0.0319,stop,26,29,13,26,2,1
10836,0.62934,0.0261,stop,26,30,13,26,2,1
10837,0.581597,0.0145,stop,26,31,13,26,2,1
10838,0.690104,0.0116,stop,26,32,13,26,2,1
10839,0.62066,0.0087,stop,26,33,13,26,2,1
10840,0.529514,0.0029,stop,26,34,13,26,2,1
10841,0.559896,0.0203,stop,26,35,13,26,2,1
10842,0.694444,0.0174,stop,26,36,13,26,2,1
10843,0.655382,0.0058,stop,26,37,13,26,2,1
10844,0.651042,-0.0261,stop,26,38,13,26,2,1
10845,0.651042,0,stop,26,39,13,26,2,1
10846,0.585938,-0.0058,stop,26,40,13,26,2,1
10847,0.664063,-0.0087,stop,26,41,13,26,2,1
10848,0.529514,-0.0116,stop,26,42,13,26,2,1
10849,0.529514,-0.029,stop,26,43,13,26,2,1
10850,0.546875,-0.0319,stop,26,44,13,26,2,1
10851,0.434028,-0.0464,stop,26,45,13,26,2,1
10852,0.334201,-0.0522,stop,26,46,13,26,2,1
10853,0.243056,-0.0551,stop,26,47,13,26,2,1
10854,0.164931,-0.0667,stop,26,48,13,26,2,1
10855,0.069444,-0.0696,stop,26,49,13,26,2,1
10856,0,-0.0841,stop,26,50,13,26,2,1
10895,0.269097,-0.0319,start,27,1,14,27,2,1
10896,0.338542,-0.0174,start,27,2,14,27,2,1
10897,0.347222,-0.029,start,27,3,14,27,2,1
10898,0.299479,-0.0203,start,27,4,14,27,2,1
10899,0.342882,-0.0261,start,27,5,14,27,2,1
10900,0.290799,-0.0029,start,27,6,14,27,2,1
10901,0.625,0,start,27,7,14,27,2,1
10902,0.494792,0.0174,start,27,8,14,27,2,1
10903,0.512153,0.0261,start,27,9,14,27,2,1
10904,0.434028,0.0058,start,27,10,14,27,2,1
10905,0.572917,-0.0145,start,27,11,14,27,2,1
10906,0.442708,0,start,27,12,14,27,2,1
10907,0.62066,0,start,27,13,14,27,2,1
10908,0.581597,0,start,27,14,14,27,2,1
10909,0.542535,0.0087,start,27,15,14,27,2,1
10910,0.616319,0.0058,start,27,16,14,27,2,1
10911,0.616319,0.0145,start,27,17,14,27,2,1
10912,0.625,0.0319,start,27,18,14,27,2,1
10913,0.529514,0.0435,start,27,19,14,27,2,1
10914,0.585938,0.058,start,27,20,14,27,2,1
10915,0.529514,0.0696,start,27,21,14,27,2,1
10916,0.421007,0.0696,start,27,22,14,27,2,1
10917,0.303819,0.0754,start,27,23,14,27,2,1
10918,0.217014,0.0609,start,27,24,14,27,2,1
10919,0.15625,0.0116,start,27,25,14,27,2,1
10920,0.069444,-0.0116,start,27,26,14,27,2,1
10921,0,-0.0232,start,27,27,14,27,2,1
10922,0,-0.0145,start,27,28,14,27,2,1
10923,0,-0.0087,start,27,29,14,27,2,1
10924,0,-0.0029,start,27,30,14,27,2,1
10925,0,0,start,27,31,14,27,2,1
10926,0,0.0145,start,27,32,14,27,2,1
10927,0,0.0319,start,27,33,14,27,2,1
10928,0,0.0348,start,27,34,14,27,2,1
10929,0,0.0319,start,27,35,14,27,2,1
10930,0,0.0261,start,27,36,14,27,2,1
10931,0,0.0145,start,27,37,14,27,2,1
10932,0,0,start,27,38,14,27,2,1
10933,0,0,start,27,39,14,27,2,1
10934,0,0.0058,start,27,40,14,27,2,1
10935,0,0.0174,start,27,41,14,27,2,1
10936,0,0.029,start,27,42,14,27,2,1
10937,0,0.0464,start,27,43,14,27,2,1
10938,0,0.0493,start,27,44,14,27,2,1
10939,0,0.0493,start,27,45,14,27,2,1
10940,0,0.0435,start,27,46,14,27,2,1
10941,0,0.0348,start,27,47,14,27,2,1
10942,0,0.0087,start,27,48,14,27,2,1
10943,0,-0.0087,start,27,49,14,27,2,1
10944,0,0,start,27,50,14,27,2,1
10872,0,0.0029,stop,28,1,14,28,2,1
10873,0,0.0058,stop,28,2,14,28,2,1
10874,0,0.0029,stop,28,3,14,28,2,1
10875,0,0,stop,28,4,14,28,2,1
10876,0,-0.0058,stop,28,5,14,28,2,1
10877,0,-0.0261,stop,28,6,14,28,2,1
10878,0,-0.0377,stop,28,7,14,28,2,1
10879,0,-0.0087,stop,28,8,14,28,2,1
10880,0,0,stop,28,9,14,28,2,1
10881,0,-0.0232,stop,28,10,14,28,2,1
10882,0,-0.0145,stop,28,11,14,28,2,1
10883,0,-0.0087,stop,28,12,14,28,2,1
10884,0,0,stop,28,13,14,28,2,1
10885,0,-0.0203,stop,28,14,14,28,2,1
10886,0,-0.0145,stop,28,15,14,28,2,1
10887,0,0,stop,28,16,14,28,2,1
10888,0,-0.0145,stop,28,17,14,28,2,1
10889,0,-0.0145,stop,28,18,14,28,2,1
10890,0,-0.0145,stop,28,19,14,28,2,1
10891,0,-0.0203,stop,28,20,14,28,2,1
10892,0,-0.0203,stop,28,21,14,28,2,1
10893,0,-0.0261,stop,28,22,14,28,2,1
10894,0,-0.0203,stop,28,23,14,28,2,1
10895,0.269097,-0.0319,stop,28,24,14,28,2,1
10896,0.338542,-0.0174,stop,28,25,14,28,2,1
10897,0.347222,-0.029,stop,28,26,14,28,2,1
10898,0.299479,-0.0203,stop,28,27,14,28,2,1
10899,0.342882,-0.0261,stop,28,28,14,28,2,1
10900,0.290799,-0.0029,stop,28,29,14,28,2,1
10901,0.625,0,stop,28,30,14,28,2,1
10902,0.494792,0.0174,stop,28,31,14,28,2,1
10903,0.512153,0.0261,stop,28,32,14,28,2,1
10904,0.434028,0.0058,stop,28,33,14,28,2,1
10905,0.572917,-0.0145,stop,28,34,14,28,2,1
10906,0.442708,0,stop,28,35,14,28,2,1
10907,0.62066,0,stop,28,36,14,28,2,1
10908,0.581597,0,stop,28,37,14,28,2,1
10909,0.542535,0.0087,stop,28,38,14,28,2,1
10910,0.616319,0.0058,stop,28,39,14,28,2,1
10911,0.616319,0.0145,stop,28,40,14,28,2,1
10912,0.625,0.0319,stop,28,41,14,28,2,1
10913,0.529514,0.0435,stop,28,42,14,28,2,1
10914,0.585938,0.058,stop,28,43,14,28,2,1
10915,0.529514,0.0696,stop,28,44,14,28,2,1
10916,0.421007,0.0696,stop,28,45,14,28,2,1
10917,0.303819,0.0754,stop,28,46,14,28,2,1
10918,0.217014,0.0609,stop,28,47,14,28,2,1
10919,0.15625,0.0116,stop,28,48,14,28,2,1
10920,0.069444,-0.0116,stop,28,49,14,28,2,1
10921,0,-0.0232,stop,28,50,14,28,2,1
10978,0.256076,0.0203,start,29,1,15,29,2,1
10979,0.182292,0.0261,start,29,2,15,29,2,1
10980,0.15625,0.0029,start,29,3,15,29,2,1
10981,0.112847,-0.0029,start,29,4,15,29,2,1
10982,0.082465,0.0174,start,29,5,15,29,2,1
10983,0.056424,0.0377,start,29,6,15,29,2,1
10984,0,0.0348,start,29,7,15,29,2,1
10985,0,0.0551,start,29,8,15,29,2,1
10986,0,0.058,start,29,9,15,29,2,1
10987,0,0.058,start,29,10,15,29,2,1
10988,0,0.0638,start,29,11,15,29,2,1
10989,0,0.0638,start,29,12,15,29,2,1
10990,0,0.0522,start,29,13,15,29,2,1
10991,0,-0.0174,start,29,14,15,29,2,1
10992,0,-0.0261,start,29,15,15,29,2,1
10993,0,-0.0232,start,29,16,15,29,2,1
10994,0,-0.0232,start,29,17,15,29,2,1
10995,0,-0.0232,start,29,18,15,29,2,1
10996,0,-0.0232,start,29,19,15,29,2,1
10997,0,-0.0203,start,29,20,15,29,2,1
10998,0,-0.0174,start,29,21,15,29,2,1
10999,0,-0.0174,start,29,22,15,29,2,1
11000,0,-0.0145,start,29,23,15,29,2,1
11001,0,-0.0174,start,29,24,15,29,2,1
11002,0,-0.0174,start,29,25,15,29,2,1
11003,0,-0.0174,start,29,26,15,29,2,1
11004,0,-0.0087,start,29,27,15,29,2,1
11005,0,0.0203,start,29,28,15,29,2,1
11006,0,0.029,start,29,29,15,29,2,1
11007,0,0.0087,start,29,30,15,29,2,1
11008,0,-0.0232,start,29,31,15,29,2,1
11009,0,-0.0203,start,29,32,15,29,2,1
11010,0,-0.0174,start,29,33,15,29,2,1
11011,0,-0.0174,start,29,34,15,29,2,1
11012,0,-0.0116,start,29,35,15,29,2,1
11013,0,-0.0145,start,29,36,15,29,2,1
11014,0,-0.0116,start,29,37,15,29,2,1
11015,0,-0.0058,start,29,38,15,29,2,1
11016,0,0.0029,start,29,39,15,29,2,1
11017,0,0.0058,start,29,40,15,29,2,1
11018,0,0.0058,start,29,41,15,29,2,1
11019,0,0.0087,start,29,42,15,29,2,1
11020,0,0.0116,start,29,43,15,29,2,1
11021,0,0.0145,start,29,44,15,29,2,1
11022,0,0.0174,start,29,45,15,29,2,1
11023,0,0.0203,start,29,46,15,29,2,1
11024,0,0.0232,start,29,47,15,29,2,1
11025,0,0.0261,start,29,48,15,29,2,1
11026,0,0.029,start,29,49,15,29,2,1
11027,0,0.0232,start,29,50,15,29,2,1
10935,0,0.0174,stop,30,1,15,30,2,1
10936,0,0.029,stop,30,2,15,30,2,1
10937,0,0.0464,stop,30,3,15,30,2,1
10938,0,0.0493,stop,30,4,15,30,2,1
10939,0,0.0493,stop,30,5,15,30,2,1
10940,0,0.0435,stop,30,6,15,30,2,1
10941,0,0.0348,stop,30,7,15,30,2,1
10942,0,0.0087,stop,30,8,15,30,2,1
10943,0,-0.0087,stop,30,9,15,30,2,1
10944,0,0,stop,30,10,15,30,2,1
10945,0,-0.0087,stop,30,11,15,30,2,1
10946,0,-0.0058,stop,30,12,15,30,2,1
10947,0,-0.0029,stop,30,13,15,30,2,1
10948,0,0,stop,30,14,15,30,2,1
10949,0,0.0116,stop,30,15,15,30,2,1
10950,0,0.029,stop,30,16,15,30,2,1
10951,0,0.0319,stop,30,17,15,30,2,1
10952,0,0.029,stop,30,18,15,30,2,1
10953,0,0.0174,stop,30,19,15,30,2,1
10954,0,0.0029,stop,30,20,15,30,2,1
10955,0,0,stop,30,21,15,30,2,1
10956,0,0.0029,stop,30,22,15,30,2,1
10957,0,0.0116,stop,30,23,15,30,2,1
10958,0,0.0116,stop,30,24,15,30,2,1
10959,0,0.0087,stop,30,25,15,30,2,1
10960,0,0.0029,stop,30,26,15,30,2,1
10961,0,0.0029,stop,30,27,15,30,2,1
10962,0,0,stop,30,28,15,30,2,1
10963,0,-0.0145,stop,30,29,15,30,2,1
10964,0,-0.0174,stop,30,30,15,30,2,1
10965,0,-0.0029,stop,30,31,15,30,2,1
10966,0,-0.0174,stop,30,32,15,30,2,1
10967,0,-0.0174,stop,30,33,15,30,2,1
10968,0,-0.0145,stop,30,34,15,30,2,1
10969,0,-0.0145,stop,30,35,15,30,2,1
10970,0,-0.0174,stop,30,36,15,30,2,1
10971,0,-0.0174,stop,30,37,15,30,2,1
10972,0,-0.0232,stop,30,38,15,30,2,1
10973,0,-0.0261,stop,30,39,15,30,2,1
10974,0,-0.0232,stop,30,40,15,30,2,1
10975,0,-0.0116,stop,30,41,15,30,2,1
10976,0,0,stop,30,42,15,30,2,1
10977,0,0.0116,stop,30,43,15,30,2,1
10978,0.256076,0.0203,stop,30,44,15,30,2,1
10979,0.182292,0.0261,stop,30,45,15,30,2,1
10980,0.15625,0.0029,stop,30,46,15,30,2,1
10981,0.112847,-0.0029,stop,30,47,15,30,2,1
10982,0.082465,0.0174,stop,30,48,15,30,2,1
10983,0.056424,0.0377,stop,30,49,15,30,2,1
10984,0,0.0348,stop,30,50,15,30,2,1
11311,0.612136,0,start,31,1,16,31,2,1
11312, ,0,start,31,2,16,31,2,1
11313, ,0,start,31,3,16,31,2,1
11314, ,0,start,31,4,16,31,2,1
11315, ,0,start,31,5,16,31,2,1
11316, ,0,start,31,6,16,31,2,1
11317, ,0,start,31,7,16,31,2,1
11318, ,0,start,31,8,16,31,2,1
11319, ,0,start,31,9,16,31,2,1
11320, ,0,start,31,10,16,31,2,1
11321,0.133744,0,start,31,11,16,31,2,1
11322, ,0,start,31,12,16,31,2,1
11323, ,0,start,31,13,16,31,2,1
11324, ,0,start,31,14,16,31,2,1
11325, ,0,start,31,15,16,31,2,1
11326, ,0,start,31,16,16,31,2,1
11327, ,0,start,31,17,16,31,2,1
11328, ,0,start,31,18,16,31,2,1
11329, ,0,start,31,19,16,31,2,1
11330, ,0,start,31,20,16,31,2,1
11331,0.133744,0,start,31,21,16,31,2,1
11332, ,0,start,31,22,16,31,2,1
11333, ,0,start,31,23,16,31,2,1
11334, ,0,start,31,24,16,31,2,1
11335, ,0,start,31,25,16,31,2,1
11336, ,0,start,31,26,16,31,2,1
11337, ,0,start,31,27,16,31,2,1
11338, ,0,start,31,28,16,31,2,1
11339, ,0,start,31,29,16,31,2,1
11340, ,0,start,31,30,16,31,2,1
11341,0.041152,0,start,31,31,16,31,2,1
11342, ,0,start,31,32,16,31,2,1
11343, ,0,start,31,33,16,31,2,1
11344, ,0,start,31,34,16,31,2,1
11345, ,0,start,31,35,16,31,2,1
11346, ,0,start,31,36,16,31,2,1
11347, ,0,start,31,37,16,31,2,1
11348, ,0,start,31,38,16,31,2,1
11349, ,0,start,31,39,16,31,2,1
11350, ,0,start,31,40,16,31,2,1
11351,0.046296,0,start,31,41,16,31,2,1
11352, ,0,start,31,42,16,31,2,1
11353, ,0,start,31,43,16,31,2,1
11354, ,0,start,31,44,16,31,2,1
11355, ,0,start,31,45,16,31,2,1
11356, ,0,start,31,46,16,31,2,1
11357, ,0,start,31,47,16,31,2,1
11358, ,0,start,31,48,16,31,2,1
11359, ,0,start,31,49,16,31,2,1
11360, ,0,start,31,50,16,31,2,1
11570,0.020576,0,stop,32,1,16,32,2,1
11571, ,0,stop,32,2,16,32,2,1
11572, ,0,stop,32,3,16,32,2,1
11573, ,0,stop,32,4,16,32,2,1
11574, ,0,stop,32,5,16,32,2,1
11575, ,0,stop,32,6,16,32,2,1
11576, ,0,stop,32,7,16,32,2,1
11577, ,0,stop,32,8,16,32,2,1
11578, ,0,stop,32,9,16,32,2,1
11579, ,0,stop,32,10,16,32,2,1
11580,0.020576,0,stop,32,11,16,32,2,1
11581, ,0,stop,32,12,16,32,2,1
11582, ,0,stop,32,13,16,32,2,1
11583, ,0,stop,32,14,16,32,2,1
11584, ,0,stop,32,15,16,32,2,1
11585, ,0,stop,32,16,16,32,2,1
11586, ,0,stop,32,17,16,32,2,1
11587, ,0,stop,32,18,16,32,2,1
11588, ,0,stop,32,19,16,32,2,1
11589, ,0,stop,32,20,16,32,2,1
11590,0.020576,0,stop,32,21,16,32,2,1
11591, ,0,stop,32,22,16,32,2,1
11592, ,0,stop,32,23,16,32,2,1
11593, ,0,stop,32,24,16,32,2,1
11594, ,0,stop,32,25,16,32,2,1
11595, ,0,stop,32,26,16,32,2,1
11596, ,0,stop,32,27,16,32,2,1
11597, ,0,stop,32,28,16,32,2,1
11598, ,0,stop,32,29,16,32,2,1
11599, ,0,stop,32,30,16,32,2,1
11600,0.020576,0,stop,32,31,16,32,2,1
11601, ,0,stop,32,32,16,32,2,1
11602, ,0,stop,32,33,16,32,2,1
11603, ,0,stop,32,34,16,32,2,1
11604, ,0,stop,32,35,16,32,2,1
11605, ,0,stop,32,36,16,32,2,1
11606, ,0,stop,32,37,16,32,2,1
11607, ,0,stop,32,38,16,32,2,1
11608, ,0,stop,32,39,16,32,2,1
11609, ,0,stop,32,40,16,32,2,1
11610,0.020576,0,stop,32,41,16,32,2,1
11611, ,0,stop,32,42,16,32,2,1
11612, ,0,stop,32,43,16,32,2,1
11613, ,0,stop,32,44,16,32,2,1
11614, ,0,stop,32,45,16,32,2,1
11615, ,0,stop,32,46,16,32,2,1
11616, ,0,stop,32,47,16,32,2,1
11617, ,0,stop,32,48,16,32,2,1
11618, ,-0.0029,stop,32,49,16,32,2,1
11619,0,0,stop,32,50,16,32,2,1
